diaperSize,topsheetMaterial,sapType,pulpType,additives,supplier,sapRatio,coreGsm,hydroScore,channels,coreShaping,materialCost,absorption
S,Nonwoven,HighFlux,RefinedPulp,Softener,SupplierB,0.265,216,9.21,4,Round,0.302,10857
S,Nonwoven,HighFlux,RefinedPulp,NoAdditives,SupplierA,0.228,214,10.24,3,Round,0.27,10509
M,Spunlace,HighFlux,BleachedPulp,NoAdditives,SupplierB,0.217,233,7.99,2,Rectangular,0.278,9924
XXL,Composite,SuperAbsorbent,RefinedPulp,OdorControl,SupplierA,0.252,172,6.6,2,Round,0.233,9682
XL,Airlaid,Hybrid,SoftPulp,Softener,SupplierC,0.189,227,7.5,2,Round,0.213,9489
S,Composite,SuperAbsorbent,RefinedPulp,OdorControl,SupplierC,0.313,214,8.57,2,Round,0.393,10938
XL,Nonwoven,Hybrid,SoftPulp,OdorControl,SupplierC,0.213,222,7.23,3,Rectangular,0.225,9804
M,Nonwoven,SuperAbsorbent,BleachedPulp,Softener,SupplierC,0.21,212,7.84,4,Round,0.288,10034
M,Nonwoven,Hybrid,RefinedPulp,Barrier,SupplierC,0.239,193,9.4,2,Round,0.29,10202
L,Airlaid,SuperAbsorbent,BleachedPulp,OdorControl,SupplierA,0.25,171,7.04,3,Rectangular,0.288,9920
M,Spunlace,SuperAbsorbent,RefinedPulp,Barrier,SupplierC,0.277,224,8.37,2,Rectangular,0.355,10567
XXL,Spunlace,HighFlux,RefinedPulp,NoAdditives,SupplierB,0.166,202,7.99,4,Round,0.153,9498
L,Composite,Hybrid,SoftPulp,Softener,SupplierC,0.257,175,8.86,2,Round,0.26,10173
XL,Composite,HighFlux,RefinedPulp,Softener,SupplierC,0.206,235,9.63,3,Round,0.24,10233
M,Airlaid,HighFlux,BleachedPulp,Barrier,SupplierD,0.198,212,8.86,3,Oval,0.312,9945
M,Spunlace,HighFlux,RefinedPulp,NoAdditives,SupplierA,0.216,215,7.28,2,Round,0.234,9690
M,Spunlace,HighFlux,RefinedPulp,NoAdditives,SupplierD,0.281,253,8.42,4,Oval,0.306,11040
XXL,Composite,HighFlux,RefinedPulp,NoAdditives,SupplierA,0.258,203,8.9,4,Rectangular,0.219,10594
XXL,Airlaid,HighFlux,RefinedPulp,NoAdditives,SupplierC,0.238,259,5.62,3,Oval,0.214,9932
M,Composite,SuperAbsorbent,BleachedPulp,OdorControl,SupplierB,0.244,212,8.6,1,Rectangular,0.355,10074
S,Airlaid,HighFlux,BleachedPulp,Softener,SupplierB,0.229,228,10.13,2,Oval,0.335,10433
M,Nonwoven,HighFlux,RefinedPulp,Barrier,SupplierA,0.2,207,9.51,3,Round,0.254,10045
L,Airlaid,SuperAbsorbent,SoftPulp,Softener,SupplierA,0.214,232,8.61,3,Round,0.254,10138
XL,Nonwoven,HighFlux,SoftPulp,Softener,SupplierD,0.205,211,8.07,2,Rectangular,0.207,9664
M,Airlaid,HighFlux,BleachedPulp,Barrier,SupplierB,0.255,226,8.51,3,Rectangular,0.333,10522
M,Airlaid,Hybrid,BleachedPulp,OdorControl,SupplierD,0.169,209,8.12,2,Rectangular,0.302,9361
XL,Nonwoven,SuperAbsorbent,SoftPulp,NoAdditives,SupplierC,0.232,230,10.57,3,Round,0.233,10639
XXL,Spunlace,HighFlux,SoftPulp,NoAdditives,SupplierA,0.253,218,6.39,3,Rectangular,0.181,10009
S,Spunlace,SuperAbsorbent,SoftPulp,OdorControl,SupplierA,0.243,281,8.29,3,Rectangular,0.354,10665
M,Airlaid,HighFlux,RefinedPulp,Softener,SupplierB,0.238,190,9.76,3,Rectangular,0.29,10390
XXL,Composite,SuperAbsorbent,RefinedPulp,Barrier,SupplierB,0.28,197,10.04,2,Round,0.285,10709
S,Composite,Hybrid,RefinedPulp,Barrier,SupplierD,0.269,274,7.41,2,Rectangular,0.398,10584
S,Nonwoven,SuperAbsorbent,RefinedPulp,OdorControl,SupplierA,0.245,207,6.79,3,Round,0.311,10042
M,Spunlace,HighFlux,RefinedPulp,Softener,SupplierD,0.187,231,7.49,4,Round,0.258,9823
L,Composite,SuperAbsorbent,SoftPulp,Barrier,SupplierA,0.201,211,9.39,2,Round,0.275,9901
XXL,Nonwoven,SuperAbsorbent,SoftPulp,Softener,SupplierD,0.251,252,6.73,3,Oval,0.237,10236
XL,Spunlace,Hybrid,SoftPulp,Softener,SupplierD,0.253,239,7.14,2,Round,0.235,10122
XL,Airlaid,Hybrid,RefinedPulp,Barrier,SupplierD,0.266,227,8.78,3,Round,0.284,10647
M,Airlaid,SuperAbsorbent,SoftPulp,NoAdditives,SupplierC,0.206,225,8.82,2,Round,0.284,9935
S,Composite,HighFlux,BleachedPulp,Softener,SupplierA,0.333,231,7.19,3,Rectangular,0.37,11111
S,Spunlace,SuperAbsorbent,BleachedPulp,NoAdditives,SupplierB,0.191,239,9.77,2,Oval,0.331,10053
S,Spunlace,HighFlux,BleachedPulp,NoAdditives,SupplierA,0.288,230,9.4,4,Oval,0.326,11195
XXL,Airlaid,Hybrid,SoftPulp,OdorControl,SupplierB,0.228,201,7.52,2,Oval,0.216,9740
XL,Spunlace,HighFlux,BleachedPulp,OdorControl,SupplierD,0.236,228,8.8,3,Oval,0.262,10349
S,Nonwoven,Hybrid,BleachedPulp,NoAdditives,SupplierA,0.241,256,8.21,5,Rectangular,0.315,10794
M,Airlaid,SuperAbsorbent,RefinedPulp,NoAdditives,SupplierB,0.271,198,7.32,3,Oval,0.311,10333
L,Spunlace,Hybrid,BleachedPulp,OdorControl,SupplierA,0.229,237,9.02,3,Rectangular,0.278,10383
XXL,Airlaid,HighFlux,SoftPulp,Softener,SupplierC,0.198,182,8.01,3,Round,0.175,9575
S,Spunlace,Hybrid,RefinedPulp,Softener,SupplierC,0.251,188,8.69,3,Round,0.311,10342
L,Composite,Hybrid,SoftPulp,NoAdditives,SupplierD,0.196,223,8.56,2,Oval,0.254,9749
S,Nonwoven,Hybrid,SoftPulp,OdorControl,SupplierB,0.258,234,9.69,4,Rectangular,0.331,10970
XL,Composite,HighFlux,SoftPulp,NoAdditives,SupplierA,0.171,196,9.07,3,Rectangular,0.192,9583
M,Nonwoven,Hybrid,BleachedPulp,Softener,SupplierD,0.266,316,9.13,4,Round,0.332,11337
S,Airlaid,Hybrid,SoftPulp,OdorControl,SupplierB,0.288,236,8.15,3,Rectangular,0.358,10859
M,Nonwoven,Hybrid,BleachedPulp,Barrier,SupplierB,0.201,214,7.97,3,Round,0.28,9821
M,Spunlace,Hybrid,SoftPulp,Softener,SupplierC,0.356,173,9.25,1,Oval,0.32,11093
M,Airlaid,SuperAbsorbent,BleachedPulp,NoAdditives,SupplierD,0.216,247,8.57,2,Round,0.319,10106
XL,Spunlace,SuperAbsorbent,RefinedPulp,OdorControl,SupplierC,0.204,236,7.7,3,Round,0.252,9882
M,Nonwoven,HighFlux,SoftPulp,Barrier,SupplierC,0.242,203,10.86,3,Oval,0.29,10689
S,Airlaid,Hybrid,BleachedPulp,Barrier,SupplierC,0.139,224,7.77,3,Round,0.313,9246
S,Airlaid,SuperAbsorbent,BleachedPulp,OdorControl,SupplierA,0.2,217,9.06,3,Round,0.335,10059
XXL,Composite,Hybrid,BleachedPulp,OdorControl,SupplierD,0.18,211,7.98,2,Rectangular,0.246,9403
XXL,Nonwoven,Hybrid,BleachedPulp,Softener,SupplierC,0.328,230,7.11,3,Round,0.248,10957
XL,Nonwoven,HighFlux,BleachedPulp,Softener,SupplierC,0.346,245,6.83,2,Oval,0.278,11024
S,Airlaid,HighFlux,RefinedPulp,NoAdditives,SupplierC,0.303,202,8.99,3,Rectangular,0.342,10984
L,Composite,Hybrid,RefinedPulp,OdorControl,SupplierB,0.194,218,4.93,2,Round,0.247,9055
XL,Composite,HighFlux,BleachedPulp,Softener,SupplierC,0.227,188,10.3,2,Oval,0.257,10183
XXL,Nonwoven,Hybrid,RefinedPulp,Softener,SupplierD,0.218,223,10.09,2,Rectangular,0.223,10209
XXL,Airlaid,Hybrid,RefinedPulp,Barrier,SupplierB,0.298,220,7.42,3,Rectangular,0.274,10672
XL,Spunlace,HighFlux,SoftPulp,OdorControl,SupplierC,0.25,204,8.58,2,Round,0.225,10173
M,Airlaid,SuperAbsorbent,SoftPulp,Softener,SupplierA,0.246,236,10.24,2,Round,0.304,10646
M,Composite,HighFlux,SoftPulp,Barrier,SupplierD,0.347,171,8.33,3,Rectangular,0.352,11134
XXL,Spunlace,HighFlux,BleachedPulp,Barrier,SupplierD,0.254,204,8.27,2,Oval,0.25,10150
M,Spunlace,HighFlux,BleachedPulp,NoAdditives,SupplierA,0.211,241,8.89,2,Oval,0.266,10064
M,Spunlace,HighFlux,BleachedPulp,Barrier,SupplierA,0.285,227,9.39,3,Rectangular,0.329,10981
M,Nonwoven,Hybrid,SoftPulp,Barrier,SupplierC,0.199,205,9.32,3,Oval,0.277,9996
XXL,Composite,HighFlux,RefinedPulp,Softener,SupplierD,0.239,222,9.91,2,Oval,0.246,10385
L,Spunlace,HighFlux,RefinedPulp,Barrier,SupplierB,0.267,214,8.26,4,Oval,0.278,10656
XL,Nonwoven,HighFlux,RefinedPulp,Softener,SupplierC,0.281,240,9.94,3,Oval,0.253,11056
L,Nonwoven,SuperAbsorbent,SoftPulp,Softener,SupplierD,0.274,212,8.86,3,Rectangular,0.288,10682
M,Spunlace,SuperAbsorbent,RefinedPulp,Barrier,SupplierC,0.245,234,7.6,4,Rectangular,0.343,10458
XL,Composite,SuperAbsorbent,SoftPulp,Barrier,SupplierD,0.19,189,9.77,3,Rectangular,0.281,9888
S,Composite,Hybrid,SoftPulp,OdorControl,SupplierC,0.271,235,8.49,2,Oval,0.362,10598
XL,Spunlace,Hybrid,SoftPulp,OdorControl,SupplierD,0.244,203,9.57,3,Oval,0.251,10443
S,Composite,Hybrid,BleachedPulp,Barrier,SupplierB,0.199,211,8.95,2,Oval,0.353,9847
M,Nonwoven,Hybrid,BleachedPulp,NoAdditives,SupplierA,0.199,226,8.77,2,Rectangular,0.261,9850
XL,Spunlace,Hybrid,SoftPulp,NoAdditives,SupplierC,0.216,225,6.91,2,Oval,0.211,9640
L,Spunlace,Hybrid,RefinedPulp,OdorControl,SupplierD,0.204,214,8.84,4,Oval,0.265,10135
XL,Airlaid,SuperAbsorbent,RefinedPulp,NoAdditives,SupplierA,0.283,216,8.48,2,Oval,0.266,10561
M,Nonwoven,HighFlux,SoftPulp,NoAdditives,SupplierB,0.239,212,8.85,2,Round,0.239,10184
S,Spunlace,SuperAbsorbent,SoftPulp,Barrier,SupplierA,0.266,258,8.38,3,Rectangular,0.366,10798
M,Composite,HighFlux,RefinedPulp,OdorControl,SupplierB,0.275,209,8.75,3,Rectangular,0.327,10678
XXL,Nonwoven,SuperAbsorbent,RefinedPulp,NoAdditives,SupplierA,0.245,200,8.53,3,Oval,0.206,10238
XXL,Composite,Hybrid,BleachedPulp,Softener,SupplierA,0.313,243,10.87,2,Rectangular,0.291,11408
M,Nonwoven,HighFlux,RefinedPulp,NoAdditives,SupplierA,0.284,224,10.91,2,Oval,0.278,11067
XXL,Composite,HighFlux,RefinedPulp,NoAdditives,SupplierC,0.198,205,6.16,2,Round,0.184,9211
XL,Composite,SuperAbsorbent,RefinedPulp,OdorControl,SupplierD,0.202,223,8.88,4,Rectangular,0.292,10168
M,Composite,SuperAbsorbent,BleachedPulp,OdorControl,SupplierD,0.288,205,7.51,3,Oval,0.371,10583
XL,Airlaid,Hybrid,SoftPulp,NoAdditives,SupplierC,0.174,265,9.8,2,Oval,0.227,9943
M,Composite,HighFlux,BleachedPulp,Barrier,SupplierC,0.154,253,8.37,4,Round,0.3,9773
XL,Airlaid,SuperAbsorbent,RefinedPulp,Softener,SupplierC,0.16,205,8.51,3,Oval,0.239,9435
L,Airlaid,HighFlux,BleachedPulp,OdorControl,SupplierA,0.217,235,7.33,3,Rectangular,0.266,9947
M,Nonwoven,SuperAbsorbent,BleachedPulp,Barrier,SupplierD,0.246,232,9.28,2,Rectangular,0.354,10461
M,Composite,HighFlux,BleachedPulp,Barrier,SupplierD,0.163,251,8.87,2,Round,0.31,9644
S,Airlaid,SuperAbsorbent,RefinedPulp,Softener,SupplierC,0.318,222,9.8,3,Rectangular,0.397,11397
XXL,Airlaid,Hybrid,BleachedPulp,OdorControl,SupplierD,0.343,263,8.23,3,Rectangular,0.318,11485
XXL,Airlaid,Hybrid,BleachedPulp,Barrier,SupplierC,0.272,254,7.44,3,Oval,0.284,10588
L,Spunlace,SuperAbsorbent,BleachedPulp,Softener,SupplierC,0.293,176,7.2,1,Round,0.288,10098
XXL,Spunlace,SuperAbsorbent,SoftPulp,Barrier,SupplierC,0.227,237,10.15,3,Rectangular,0.266,10544
XXL,Airlaid,SuperAbsorbent,SoftPulp,OdorControl,SupplierB,0.321,185,6.63,3,Oval,0.264,10590
M,Airlaid,SuperAbsorbent,BleachedPulp,Softener,SupplierC,0.259,219,6.23,3,Round,0.323,10126
S,Airlaid,HighFlux,SoftPulp,Barrier,SupplierA,0.175,236,8.9,2,Round,0.29,9708
XXL,Airlaid,Hybrid,RefinedPulp,Barrier,SupplierC,0.214,193,8.43,3,Round,0.226,9877
S,Airlaid,Hybrid,SoftPulp,NoAdditives,SupplierD,0.191,232,7.92,2,Oval,0.302,9674
S,Nonwoven,SuperAbsorbent,SoftPulp,OdorControl,SupplierA,0.235,194,7.89,2,Round,0.298,9923
S,Composite,HighFlux,BleachedPulp,Softener,SupplierD,0.338,220,7.73,3,Oval,0.386,11205
XL,Airlaid,HighFlux,RefinedPulp,OdorControl,SupplierA,0.234,214,9.18,3,Rectangular,0.244,10327
S,Spunlace,HighFlux,SoftPulp,OdorControl,SupplierA,0.213,205,8.2,1,Round,0.274,9652
M,Spunlace,HighFlux,SoftPulp,Softener,SupplierA,0.164,254,10.31,3,Oval,0.247,10062
XL,Composite,Hybrid,SoftPulp,Softener,SupplierC,0.269,227,11.89,4,Rectangular,0.287,11385
L,Composite,SuperAbsorbent,BleachedPulp,Softener,SupplierC,0.234,196,6.73,3,Rectangular,0.303,9832
XXL,Spunlace,Hybrid,SoftPulp,Softener,SupplierB,0.202,184,7.79,2,Oval,0.181,9438
M,Nonwoven,SuperAbsorbent,SoftPulp,OdorControl,SupplierC,0.324,242,8.49,4,Oval,0.345,11440
S,Composite,HighFlux,RefinedPulp,Barrier,SupplierC,0.244,198,10.18,3,Rectangular,0.362,10597
XXL,Composite,Hybrid,SoftPulp,NoAdditives,SupplierD,0.188,215,7.54,2,Rectangular,0.209,9414
L,Airlaid,SuperAbsorbent,SoftPulp,Softener,SupplierA,0.286,267,6.96,3,Rectangular,0.301,10739
L,Nonwoven,SuperAbsorbent,RefinedPulp,Barrier,SupplierC,0.207,207,7.85,2,Round,0.265,9659
XXL,Composite,HighFlux,RefinedPulp,NoAdditives,SupplierD,0.242,199,8.8,3,Oval,0.226,10248
XL,Airlaid,Hybrid,BleachedPulp,NoAdditives,SupplierB,0.228,197,7.87,3,Oval,0.236,9950
XL,Composite,Hybrid,BleachedPulp,Barrier,SupplierA,0.265,195,8.61,3,Oval,0.283,10451
S,Airlaid,Hybrid,RefinedPulp,NoAdditives,SupplierD,0.157,233,7.77,3,Rectangular,0.303,9465
S,Composite,Hybrid,SoftPulp,Softener,SupplierC,0.202,174,6.71,3,Rectangular,0.304,9431
XL,Composite,SuperAbsorbent,SoftPulp,OdorControl,SupplierB,0.253,197,9.2,1,Oval,0.281,10151
XL,Composite,SuperAbsorbent,SoftPulp,Softener,SupplierB,0.237,189,7.78,3,Oval,0.257,9994
XXL,Nonwoven,HighFlux,RefinedPulp,NoAdditives,SupplierB,0.197,210,9.61,2,Round,0.164,9837
XL,Nonwoven,HighFlux,SoftPulp,Barrier,SupplierC,0.282,191,9.08,4,Rectangular,0.25,10819
L,Composite,Hybrid,RefinedPulp,Softener,SupplierD,0.116,200,9.13,3,Rectangular,0.242,9092
M,Composite,SuperAbsorbent,BleachedPulp,Softener,SupplierA,0.259,204,8.6,3,Oval,0.333,10480
XL,Airlaid,HighFlux,RefinedPulp,NoAdditives,SupplierC,0.298,226,8.87,2,Rectangular,0.266,10819
L,Composite,SuperAbsorbent,RefinedPulp,Barrier,SupplierC,0.216,209,8.93,2,Oval,0.314,9964
XXL,Composite,Hybrid,RefinedPulp,Softener,SupplierB,0.254,271,9.46,2,Rectangular,0.27,10703
XL,Spunlace,Hybrid,SoftPulp,OdorControl,SupplierD,0.3,209,6.26,2,Rectangular,0.267,10288
XL,Composite,HighFlux,BleachedPulp,Softener,SupplierD,0.146,211,8.52,4,Round,0.22,9466
M,Airlaid,SuperAbsorbent,RefinedPulp,NoAdditives,SupplierD,0.256,214,9.41,1,Round,0.318,10339
M,Composite,HighFlux,SoftPulp,NoAdditives,SupplierD,0.252,239,6.87,4,Oval,0.294,10404
L,Composite,HighFlux,SoftPulp,OdorControl,SupplierD,0.257,209,9.2,5,Oval,0.286,10853
XL,Nonwoven,HighFlux,SoftPulp,Softener,SupplierC,0.249,226,7.99,2,Round,0.208,10162
S,Composite,SuperAbsorbent,BleachedPulp,NoAdditives,SupplierD,0.282,198,8.58,2,Round,0.371,10549
L,Nonwoven,SuperAbsorbent,RefinedPulp,NoAdditives,SupplierC,0.264,228,9.64,2,Oval,0.282,10652
L,Composite,SuperAbsorbent,SoftPulp,Barrier,SupplierB,0.227,195,8.01,3,Round,0.285,9984
M,Nonwoven,HighFlux,RefinedPulp,Softener,SupplierD,0.278,196,9.46,4,Rectangular,0.297,10911
M,Spunlace,Hybrid,BleachedPulp,OdorControl,SupplierD,0.261,266,7.65,2,Oval,0.339,10477
S,Composite,Hybrid,BleachedPulp,Softener,SupplierA,0.151,257,9.22,3,Oval,0.318,9791
L,Airlaid,HighFlux,RefinedPulp,OdorControl,SupplierD,0.254,191,11.19,3,Oval,0.288,10791
M,Composite,Hybrid,SoftPulp,Softener,SupplierD,0.245,238,9.03,3,Rectangular,0.325,10576
L,Airlaid,HighFlux,RefinedPulp,NoAdditives,SupplierD,0.2,231,10.57,4,Oval,0.256,10486
S,Nonwoven,HighFlux,BleachedPulp,Barrier,SupplierC,0.32,207,7.41,3,Round,0.349,10895
XXL,Airlaid,SuperAbsorbent,BleachedPulp,Softener,SupplierC,0.243,247,6.64,4,Rectangular,0.272,10276
M,Nonwoven,HighFlux,BleachedPulp,NoAdditives,SupplierC,0.232,209,7.39,1,Oval,0.264,9693
S,Airlaid,HighFlux,SoftPulp,NoAdditives,SupplierC,0.281,221,7.08,2,Oval,0.316,10362
XL,Spunlace,SuperAbsorbent,SoftPulp,OdorControl,SupplierC,0.223,261,8.21,1,Round,0.259,9986
L,Composite,Hybrid,BleachedPulp,OdorControl,SupplierA,0.228,213,5.53,3,Oval,0.271,9630
S,Spunlace,SuperAbsorbent,BleachedPulp,Barrier,SupplierC,0.228,237,10.53,4,Round,0.373,10855
XL,Nonwoven,Hybrid,BleachedPulp,NoAdditives,SupplierD,0.227,192,11.33,3,Oval,0.238,10533
L,Composite,HighFlux,RefinedPulp,NoAdditives,SupplierB,0.241,219,8.72,3,Oval,0.261,10354
S,Airlaid,HighFlux,SoftPulp,NoAdditives,SupplierD,0.211,206,8.46,2,Rectangular,0.299,9837
L,Composite,SuperAbsorbent,SoftPulp,NoAdditives,SupplierA,0.204,222,8.22,4,Oval,0.255,10071
XL,Nonwoven,SuperAbsorbent,SoftPulp,Softener,SupplierD,0.107,247,9.87,1,Oval,0.21,9052
L,Composite,HighFlux,BleachedPulp,Softener,SupplierD,0.223,210,6.95,2,Rectangular,0.279,9667
S,Composite,HighFlux,RefinedPulp,OdorControl,SupplierA,0.184,263,9.53,4,Rectangular,0.33,10352
L,Spunlace,Hybrid,RefinedPulp,Softener,SupplierC,0.276,191,7.92,3,Round,0.258,10420
L,Airlaid,SuperAbsorbent,RefinedPulp,OdorControl,SupplierB,0.179,237,8.24,2,Round,0.27,9602
XL,Nonwoven,HighFlux,SoftPulp,NoAdditives,SupplierA,0.276,231,8.1,4,Oval,0.206,10774
M,Spunlace,HighFlux,SoftPulp,NoAdditives,SupplierB,0.186,235,9.15,2,Rectangular,0.25,9828
M,Spunlace,Hybrid,SoftPulp,NoAdditives,SupplierC,0.256,188,9.52,3,Round,0.266,10513
M,Airlaid,SuperAbsorbent,SoftPulp,NoAdditives,SupplierB,0.214,246,7.73,2,Round,0.284,9923
L,Spunlace,HighFlux,RefinedPulp,NoAdditives,SupplierB,0.162,235,7.09,4,Oval,0.208,9495
S,Spunlace,HighFlux,RefinedPulp,NoAdditives,SupplierA,0.136,262,8.73,3,Oval,0.262,9562
XL,Airlaid,HighFlux,BleachedPulp,NoAdditives,SupplierD,0.213,229,8.46,4,Rectangular,0.247,10213
M,Nonwoven,HighFlux,BleachedPulp,OdorControl,SupplierD,0.246,223,8.1,3,Rectangular,0.307,10336
S,Nonwoven,Hybrid,RefinedPulp,Barrier,SupplierA,0.255,177,7.02,3,Oval,0.307,10027
XL,Nonwoven,SuperAbsorbent,RefinedPulp,Softener,SupplierA,0.249,215,8.52,3,Round,0.232,10368
L,Airlaid,Hybrid,BleachedPulp,OdorControl,SupplierD,0.213,200,8.72,2,Rectangular,0.289,9840
XXL,Composite,SuperAbsorbent,BleachedPulp,NoAdditives,SupplierB,0.26,177,9.63,3,Oval,0.26,10484
XL,Spunlace,Hybrid,RefinedPulp,Barrier,SupplierD,0.253,244,10.33,4,Oval,0.29,11029
S,Airlaid,Hybrid,RefinedPulp,OdorControl,SupplierC,0.148,188,7.81,3,Round,0.286,9159
XL,Nonwoven,SuperAbsorbent,SoftPulp,NoAdditives,SupplierD,0.266,201,8.71,2,Round,0.236,10350
L,Spunlace,HighFlux,SoftPulp,OdorControl,SupplierA,0.209,184,7.48,2,Oval,0.213,9480
L,Composite,HighFlux,SoftPulp,OdorControl,SupplierC,0.191,246,7.46,5,Oval,0.259,10065
S,Spunlace,SuperAbsorbent,BleachedPulp,Barrier,SupplierB,0.265,224,7.56,3,Round,0.367,10474
L,Airlaid,SuperAbsorbent,RefinedPulp,Softener,SupplierD,0.211,223,11.32,3,Rectangular,0.306,10558
XXL,Nonwoven,HighFlux,BleachedPulp,OdorControl,SupplierA,0.297,202,8.46,4,Round,0.217,10895
L,Airlaid,Hybrid,RefinedPulp,NoAdditives,SupplierB,0.209,265,9.28,2,Round,0.254,10216
XXL,Composite,SuperAbsorbent,SoftPulp,NoAdditives,SupplierA,0.272,244,9.18,1,Rectangular,0.258,10552
XXL,Spunlace,Hybrid,RefinedPulp,Barrier,SupplierC,0.204,213,8.42,3,Round,0.218,9872
L,Airlaid,HighFlux,RefinedPulp,NoAdditives,SupplierA,0.249,186,8.92,3,Round,0.225,10300
M,Nonwoven,HighFlux,SoftPulp,OdorControl,SupplierD,0.268,247,9.42,3,Rectangular,0.308,10909
XL,Composite,HighFlux,RefinedPulp,Barrier,SupplierC,0.236,178,8.97,3,Round,0.253,10133
XXL,Nonwoven,Hybrid,RefinedPulp,NoAdditives,SupplierC,0.254,188,7.31,4,Rectangular,0.201,10191
XXL,Composite,HighFlux,BleachedPulp,OdorControl,SupplierA,0.238,237,8.53,3,Round,0.234,10352
XL,Nonwoven,SuperAbsorbent,SoftPulp,OdorControl,SupplierB,0.287,207,8.61,2,Round,0.255,10574
L,Airlaid,Hybrid,SoftPulp,NoAdditives,SupplierD,0.218,212,8.74,2,Rectangular,0.255,9944
XL,Spunlace,SuperAbsorbent,RefinedPulp,Softener,SupplierC,0.303,197,8.29,2,Round,0.272,10631
XL,Nonwoven,Hybrid,SoftPulp,Barrier,SupplierA,0.312,224,9.64,2,Oval,0.265,11087
XXL,Composite,HighFlux,RefinedPulp,Barrier,SupplierC,0.253,242,8.59,4,Round,0.257,10689
XL,Nonwoven,Hybrid,SoftPulp,Barrier,SupplierC,0.214,255,11.03,2,Round,0.245,10513
XL,Nonwoven,SuperAbsorbent,RefinedPulp,Barrier,SupplierA,0.218,256,10.24,2,Oval,0.269,10428
L,Airlaid,SuperAbsorbent,RefinedPulp,Softener,SupplierA,0.219,212,7.02,2,Rectangular,0.268,9657
S,Spunlace,Hybrid,RefinedPulp,Softener,SupplierB,0.19,200,8.46,3,Round,0.284,9750
M,Airlaid,SuperAbsorbent,SoftPulp,Softener,SupplierA,0.318,195,9.58,3,Round,0.318,11192
XL,Composite,HighFlux,BleachedPulp,Barrier,SupplierC,0.238,236,7.27,3,Rectangular,0.289,10142
L,Spunlace,Hybrid,SoftPulp,Barrier,SupplierD,0.248,232,8.82,5,Rectangular,0.293,10812
L,Airlaid,HighFlux,SoftPulp,OdorControl,SupplierA,0.208,206,7.81,2,Oval,0.23,9643
XL,Composite,SuperAbsorbent,SoftPulp,OdorControl,SupplierC,0.208,249,10.06,2,Round,0.277,10265
S,Composite,Hybrid,BleachedPulp,NoAdditives,SupplierD,0.198,231,7.89,3,Rectangular,0.339,9892
M,Airlaid,HighFlux,RefinedPulp,Softener,SupplierA,0.25,182,10.2,4,Oval,0.279,10698
S,Airlaid,HighFlux,SoftPulp,Softener,SupplierA,0.209,210,8.81,3,Round,0.276,10047
XL,Composite,HighFlux,BleachedPulp,Softener,SupplierC,0.273,270,8.31,2,Oval,0.292,10695
L,Composite,Hybrid,RefinedPulp,NoAdditives,SupplierC,0.171,201,8.46,4,Round,0.232,9672
L,Nonwoven,HighFlux,BleachedPulp,Barrier,SupplierC,0.214,225,8.48,4,Oval,0.266,10221
XXL,Spunlace,Hybrid,SoftPulp,Softener,SupplierC,0.366,206,7.96,4,Oval,0.259,11520
XL,Spunlace,HighFlux,BleachedPulp,NoAdditives,SupplierC,0.274,266,9.14,2,Rectangular,0.27,10827
XL,Airlaid,SuperAbsorbent,BleachedPulp,NoAdditives,SupplierD,0.27,247,9.4,3,Rectangular,0.309,10907
L,Nonwoven,Hybrid,RefinedPulp,Softener,SupplierB,0.293,249,10.02,3,Oval,0.286,11256
XL,Spunlace,SuperAbsorbent,SoftPulp,Softener,SupplierA,0.232,223,9.83,2,Oval,0.243,10325
S,Nonwoven,HighFlux,RefinedPulp,Softener,SupplierD,0.258,210,8.53,4,Round,0.304,10636
M,Spunlace,HighFlux,BleachedPulp,Softener,SupplierD,0.25,221,7.0,3,Round,0.288,10167
XL,Airlaid,HighFlux,BleachedPulp,Softener,SupplierD,0.272,274,8.16,3,Rectangular,0.293,10826
L,Composite,SuperAbsorbent,BleachedPulp,Softener,SupplierC,0.252,259,8.4,3,Oval,0.331,10627
M,Airlaid,HighFlux,BleachedPulp,Barrier,SupplierD,0.27,224,8.01,3,Oval,0.341,10572
XL,Composite,SuperAbsorbent,SoftPulp,Softener,SupplierC,0.294,194,8.65,2,Round,0.279,10594
XL,Airlaid,HighFlux,SoftPulp,NoAdditives,SupplierC,0.3,181,7.89,3,Round,0.225,10582
M,Airlaid,Hybrid,BleachedPulp,Softener,SupplierD,0.318,218,7.89,4,Round,0.338,11150
M,Composite,Hybrid,SoftPulp,Barrier,SupplierA,0.168,165,8.98,2,Oval,0.267,9282
XXL,Airlaid,SuperAbsorbent,RefinedPulp,NoAdditives,SupplierC,0.189,237,8.77,2,Round,0.221,9762
S,Airlaid,SuperAbsorbent,BleachedPulp,OdorControl,SupplierB,0.176,241,9.22,3,Round,0.344,9969
S,Airlaid,Hybrid,BleachedPulp,Softener,SupplierD,0.332,193,6.82,2,Oval,0.372,10698
XXL,Nonwoven,SuperAbsorbent,SoftPulp,OdorControl,SupplierB,0.238,226,8.23,3,Round,0.22,10245
XXL,Composite,SuperAbsorbent,RefinedPulp,Softener,SupplierC,0.177,256,8.41,4,Round,0.24,9978
S,Spunlace,Hybrid,BleachedPulp,Barrier,SupplierA,0.257,231,9.13,3,Round,0.343,10701
XL,Nonwoven,HighFlux,BleachedPulp,Softener,SupplierB,0.272,253,8.72,3,Oval,0.254,10814
XL,Nonwoven,HighFlux,RefinedPulp,Softener,SupplierD,0.236,256,7.76,4,Round,0.226,10443
S,Airlaid,SuperAbsorbent,BleachedPulp,NoAdditives,SupplierD,0.238,184,8.64,2,Oval,0.349,10049
S,Composite,Hybrid,RefinedPulp,NoAdditives,SupplierC,0.282,203,8.01,1,Round,0.335,10309
L,Spunlace,HighFlux,BleachedPulp,NoAdditives,SupplierC,0.217,160,6.76,3,Round,0.211,9462
S,Airlaid,HighFlux,RefinedPulp,Softener,SupplierD,0.279,230,7.44,3,Rectangular,0.349,10608
XL,Spunlace,SuperAbsorbent,SoftPulp,Barrier,SupplierA,0.24,191,10.15,3,Oval,0.258,10457
M,Nonwoven,SuperAbsorbent,SoftPulp,OdorControl,SupplierC,0.229,220,8.73,1,Rectangular,0.307,9974
XL,Composite,Hybrid,SoftPulp,Softener,SupplierC,0.228,202,7.4,2,Oval,0.24,9741
S,Airlaid,Hybrid,SoftPulp,OdorControl,SupplierD,0.33,236,7.87,3,Oval,0.378,11229
XL,Composite,Hybrid,SoftPulp,Barrier,SupplierD,0.31,243,8.57,2,Oval,0.315,10981
XXL,Airlaid,SuperAbsorbent,BleachedPulp,Barrier,SupplierA,0.275,229,9.48,3,Oval,0.291,10868
XXL,Spunlace,HighFlux,RefinedPulp,OdorControl,SupplierA,0.292,206,9.95,3,Round,0.222,10984
L,Airlaid,Hybrid,RefinedPulp,Barrier,SupplierB,0.344,202,10.41,3,Rectangular,0.339,11612
XL,Airlaid,Hybrid,SoftPulp,OdorControl,SupplierD,0.207,207,8.15,3,Oval,0.242,9840
S,Nonwoven,HighFlux,BleachedPulp,Barrier,SupplierC,0.266,205,8.47,4,Rectangular,0.346,10688
M,Nonwoven,SuperAbsorbent,BleachedPulp,Barrier,SupplierA,0.326,230,8.54,3,Round,0.348,11263
S,Spunlace,HighFlux,RefinedPulp,OdorControl,SupplierD,0.271,194,8.22,1,Rectangular,0.338,10187
S,Spunlace,HighFlux,RefinedPulp,OdorControl,SupplierC,0.26,236,7.97,4,Oval,0.336,10691
S,Spunlace,HighFlux,RefinedPulp,Barrier,SupplierC,0.179,183,8.75,4,Rectangular,0.306,9759
L,Spunlace,SuperAbsorbent,SoftPulp,Softener,SupplierD,0.324,208,9.69,3,Rectangular,0.32,11314
XL,Nonwoven,Hybrid,RefinedPulp,Barrier,SupplierB,0.231,242,9.22,1,Rectangular,0.261,10146
L,Composite,SuperAbsorbent,SoftPulp,Softener,SupplierA,0.314,254,7.81,3,Oval,0.317,11109
M,Composite,SuperAbsorbent,BleachedPulp,OdorControl,SupplierC,0.265,226,7.89,2,Rectangular,0.369,10377
S,Airlaid,Hybrid,SoftPulp,Softener,SupplierC,0.239,249,9.1,2,Rectangular,0.341,10454
M,Nonwoven,SuperAbsorbent,SoftPulp,Softener,SupplierD,0.279,160,9.76,1,Round,0.293,10356
L,Airlaid,Hybrid,BleachedPulp,Softener,SupplierA,0.222,192,7.08,4,Round,0.239,9888
L,Composite,HighFlux,BleachedPulp,Barrier,SupplierD,0.217,228,8.45,3,Oval,0.303,10120
XXL,Nonwoven,SuperAbsorbent,RefinedPulp,NoAdditives,SupplierD,0.244,187,9.6,2,Oval,0.226,10208
XXL,Airlaid,SuperAbsorbent,BleachedPulp,Softener,SupplierB,0.162,209,10.15,3,Oval,0.232,9756
XXL,Nonwoven,SuperAbsorbent,BleachedPulp,Softener,SupplierC,0.223,211,8.15,4,Round,0.224,10159
M,Airlaid,HighFlux,SoftPulp,OdorControl,SupplierC,0.259,230,9.63,3,Round,0.3,10775
L,Spunlace,HighFlux,BleachedPulp,OdorControl,SupplierB,0.227,215,8.42,3,Rectangular,0.268,10142
L,Nonwoven,HighFlux,BleachedPulp,Softener,SupplierB,0.276,221,9.31,3,Round,0.258,10814
XXL,Airlaid,HighFlux,SoftPulp,NoAdditives,SupplierA,0.244,170,9.51,3,Round,0.171,10241
XXL,Airlaid,HighFlux,SoftPulp,Barrier,SupplierA,0.29,160,10.8,3,Oval,0.231,10891
XXL,Airlaid,HighFlux,RefinedPulp,Barrier,SupplierB,0.295,194,9.17,2,Rectangular,0.262,10672
XL,Airlaid,Hybrid,SoftPulp,NoAdditives,SupplierB,0.209,267,8.29,3,Oval,0.231,10180
XL,Composite,Hybrid,SoftPulp,OdorControl,SupplierB,0.284,232,8.67,3,Oval,0.282,10831
L,Airlaid,Hybrid,SoftPulp,OdorControl,SupplierA,0.36,218,8.72,4,Oval,0.308,11692
M,Composite,SuperAbsorbent,RefinedPulp,Barrier,SupplierB,0.295,249,9.2,2,Round,0.374,11024
S,Nonwoven,Hybrid,RefinedPulp,Barrier,SupplierB,0.322,191,8.83,2,Round,0.345,10943
L,Airlaid,SuperAbsorbent,SoftPulp,Barrier,SupplierD,0.237,228,8.85,3,Oval,0.313,10399
L,Composite,SuperAbsorbent,SoftPulp,Barrier,SupplierD,0.321,231,8.23,3,Round,0.345,11144
M,Airlaid,SuperAbsorbent,SoftPulp,OdorControl,SupplierD,0.299,189,9.16,3,Rectangular,0.352,10903
XL,Airlaid,HighFlux,SoftPulp,NoAdditives,SupplierD,0.225,254,8.33,3,Round,0.224,10277
L,Airlaid,Hybrid,RefinedPulp,NoAdditives,SupplierD,0.231,220,7.29,2,Round,0.252,9854
XXL,Spunlace,Hybrid,BleachedPulp,OdorControl,SupplierA,0.32,198,7.41,1,Oval,0.251,10476
XXL,Composite,HighFlux,RefinedPulp,NoAdditives,SupplierB,0.208,186,10.31,4,Round,0.194,10262
XL,Airlaid,Hybrid,BleachedPulp,OdorControl,SupplierB,0.206,276,9.58,2,Round,0.268,10285
XXL,Composite,HighFlux,SoftPulp,NoAdditives,SupplierA,0.115,277,6.97,1,Round,0.151,8732
L,Composite,HighFlux,RefinedPulp,Softener,SupplierB,0.291,280,10.02,3,Oval,0.314,11395
XXL,Airlaid,SuperAbsorbent,RefinedPulp,OdorControl,SupplierC,0.27,241,9.33,3,Rectangular,0.292,10849
XXL,Composite,HighFlux,BleachedPulp,OdorControl,SupplierD,0.245,218,7.67,2,Round,0.248,10024
L,Airlaid,HighFlux,SoftPulp,Barrier,SupplierC,0.155,217,7.41,2,Rectangular,0.241,9100
S,Composite,Hybrid,BleachedPulp,Softener,SupplierA,0.249,254,9.51,1,Rectangular,0.363,10509
XL,Spunlace,HighFlux,BleachedPulp,Barrier,SupplierB,0.191,243,7.42,3,Rectangular,0.248,9728
M,Nonwoven,HighFlux,BleachedPulp,NoAdditives,SupplierB,0.268,195,8.62,2,Round,0.264,10352
XL,Airlaid,Hybrid,SoftPulp,Barrier,SupplierB,0.21,227,6.75,3,Oval,0.243,9719
XXL,Composite,HighFlux,BleachedPulp,NoAdditives,SupplierB,0.239,233,8.75,4,Rectangular,0.239,10531
M,Airlaid,HighFlux,RefinedPulp,Barrier,SupplierC,0.246,209,8.63,3,Round,0.305,10364
XL,Airlaid,HighFlux,RefinedPulp,OdorControl,SupplierD,0.242,221,7.73,2,Round,0.248,10031
M,Airlaid,HighFlux,RefinedPulp,Softener,SupplierC,0.17,263,7.13,2,Oval,0.274,9452
M,Composite,Hybrid,RefinedPulp,OdorControl,SupplierC,0.204,242,8.18,4,Oval,0.316,10186
S,Composite,Hybrid,RefinedPulp,Softener,SupplierC,0.206,226,7.58,4,Round,0.32,10038
L,Nonwoven,Hybrid,RefinedPulp,OdorControl,SupplierD,0.181,227,9.2,3,Round,0.241,9880
M,Airlaid,HighFlux,BleachedPulp,OdorControl,SupplierB,0.231,216,8.55,3,Round,0.295,10235
XXL,Spunlace,SuperAbsorbent,SoftPulp,Softener,SupplierB,0.288,275,7.89,2,Round,0.253,10780
S,Composite,Hybrid,BleachedPulp,Barrier,SupplierA,0.236,284,7.62,4,Rectangular,0.379,10642
M,Nonwoven,HighFlux,SoftPulp,Barrier,SupplierD,0.324,206,9.13,4,Oval,0.322,11363
M,Airlaid,Hybrid,RefinedPulp,NoAdditives,SupplierA,0.221,214,7.86,2,Rectangular,0.273,9850
XXL,Spunlace,HighFlux,BleachedPulp,NoAdditives,SupplierB,0.208,189,8.54,2,Oval,0.188,9656
M,Nonwoven,Hybrid,RefinedPulp,Softener,SupplierC,0.252,181,8.86,3,Round,0.27,10321
S,Airlaid,HighFlux,BleachedPulp,NoAdditives,SupplierC,0.14,229,9.85,2,Oval,0.293,9496
XL,Composite,SuperAbsorbent,BleachedPulp,Barrier,SupplierC,0.324,230,7.72,3,Round,0.338,11066
S,Airlaid,SuperAbsorbent,BleachedPulp,Barrier,SupplierC,0.268,221,9.09,2,Rectangular,0.404,10621
M,Nonwoven,HighFlux,RefinedPulp,OdorControl,SupplierB,0.248,184,8.38,2,Round,0.262,10056
XXL,Composite,Hybrid,BleachedPulp,OdorControl,SupplierA,0.203,250,9.7,3,Oval,0.249,10284
S,Spunlace,SuperAbsorbent,RefinedPulp,OdorControl,SupplierB,0.185,212,9.83,3,Round,0.321,10019
L,Composite,SuperAbsorbent,RefinedPulp,OdorControl,SupplierC,0.356,229,8.71,2,Oval,0.365,11422
XXL,Nonwoven,Hybrid,BleachedPulp,OdorControl,SupplierB,0.247,216,9.28,3,Round,0.225,10469
S,Composite,Hybrid,SoftPulp,Barrier,SupplierC,0.201,186,6.48,3,Rectangular,0.326,9444
S,Airlaid,Hybrid,BleachedPulp,Softener,SupplierB,0.185,166,8.93,5,Round,0.294,9920
XL,Spunlace,Hybrid,BleachedPulp,OdorControl,SupplierD,0.24,240,8.59,3,Rectangular,0.281,10417
XXL,Composite,HighFlux,BleachedPulp,Softener,SupplierB,0.286,212,8.79,3,Rectangular,0.262,10755
XXL,Nonwoven,HighFlux,RefinedPulp,OdorControl,SupplierA,0.207,244,8.31,2,Rectangular,0.198,9878
S,Nonwoven,HighFlux,BleachedPulp,Softener,SupplierB,0.267,197,8.53,3,Round,0.304,10512
L,Composite,SuperAbsorbent,BleachedPulp,Softener,SupplierD,0.294,231,8.47,3,Round,0.335,10918
XXL,Composite,SuperAbsorbent,RefinedPulp,Softener,SupplierD,0.31,233,8.51,2,Oval,0.302,10913
XXL,Nonwoven,HighFlux,RefinedPulp,OdorControl,SupplierA,0.187,212,7.83,3,Oval,0.174,9581
L,Nonwoven,HighFlux,SoftPulp,NoAdditives,SupplierA,0.243,233,8.42,3,Oval,0.215,10378
L,Nonwoven,HighFlux,SoftPulp,NoAdditives,SupplierD,0.243,170,7.47,3,Round,0.202,9892
L,Composite,SuperAbsorbent,SoftPulp,Barrier,SupplierC,0.18,234,10.18,4,Oval,0.302,10251
XL,Composite,Hybrid,SoftPulp,Softener,SupplierC,0.229,257,8.66,2,Round,0.252,10251
M,Composite,HighFlux,SoftPulp,Softener,SupplierA,0.209,212,8.07,3,Round,0.253,9903
L,Composite,HighFlux,BleachedPulp,Barrier,SupplierD,0.248,220,8.98,4,Round,0.305,10634
M,Composite,Hybrid,SoftPulp,OdorControl,SupplierB,0.287,182,5.69,3,Rectangular,0.311,10115
S,Nonwoven,HighFlux,RefinedPulp,NoAdditives,SupplierB,0.172,214,7.21,1,Round,0.246,9105
S,Nonwoven,HighFlux,SoftPulp,Barrier,SupplierA,0.267,238,7.87,1,Round,0.304,10296
S,Composite,Hybrid,SoftPulp,Softener,SupplierA,0.213,229,6.87,3,Round,0.295,9841
XXL,Airlaid,SuperAbsorbent,BleachedPulp,OdorControl,SupplierC,0.239,234,8.63,2,Round,0.269,10229
L,Spunlace,HighFlux,BleachedPulp,Softener,SupplierD,0.3,216,8.47,2,Oval,0.293,10734
L,Nonwoven,HighFlux,BleachedPulp,Softener,SupplierD,0.218,197,8.31,4,Rectangular,0.249,10088
XL,Nonwoven,Hybrid,BleachedPulp,Barrier,SupplierC,0.171,179,10.12,3,Rectangular,0.237,9696
XL,Composite,SuperAbsorbent,RefinedPulp,Barrier,SupplierB,0.207,245,7.83,4,Rectangular,0.297,10140
XL,Spunlace,SuperAbsorbent,RefinedPulp,Softener,SupplierD,0.274,207,10.87,2,Round,0.279,10856
XXL,Composite,Hybrid,BleachedPulp,Softener,SupplierD,0.277,227,9.93,4,Round,0.273,11099
L,Spunlace,Hybrid,BleachedPulp,NoAdditives,SupplierD,0.242,201,9.01,2,Oval,0.267,10179
S,Spunlace,SuperAbsorbent,RefinedPulp,Barrier,SupplierA,0.341,223,8.1,3,Round,0.38,11323
M,Spunlace,Hybrid,SoftPulp,OdorControl,SupplierC,0.173,195,9.82,2,Round,0.256,9626
M,Spunlace,HighFlux,SoftPulp,Barrier,SupplierB,0.188,233,9.8,3,Rectangular,0.283,10111
XXL,Spunlace,Hybrid,SoftPulp,OdorControl,SupplierC,0.29,201,6.94,4,Oval,0.233,10553
XL,Airlaid,Hybrid,RefinedPulp,OdorControl,SupplierD,0.224,213,9.96,3,Oval,0.267,10369
S,Composite,Hybrid,SoftPulp,OdorControl,SupplierC,0.263,274,7.79,3,Oval,0.368,10737
S,Spunlace,HighFlux,SoftPulp,NoAdditives,SupplierC,0.243,226,10.18,3,Rectangular,0.31,10713
XXL,Composite,Hybrid,SoftPulp,Softener,SupplierC,0.267,246,8.1,2,Round,0.242,10459
XL,Spunlace,Hybrid,BleachedPulp,OdorControl,SupplierC,0.188,170,10.76,2,Oval,0.238,9787
XL,Composite,SuperAbsorbent,BleachedPulp,OdorControl,SupplierB,0.229,213,8.84,3,Round,0.285,10230
XXL,Composite,SuperAbsorbent,BleachedPulp,NoAdditives,SupplierA,0.283,205,8.32,3,Round,0.252,10615
S,Nonwoven,Hybrid,SoftPulp,Softener,SupplierA,0.228,260,9.04,3,Rectangular,0.304,10530
M,Nonwoven,SuperAbsorbent,BleachedPulp,Barrier,SupplierC,0.273,249,8.7,2,Round,0.348,10708
XXL,Composite,HighFlux,RefinedPulp,NoAdditives,SupplierA,0.26,203,7.92,3,Rectangular,0.216,10288
XXL,Composite,SuperAbsorbent,SoftPulp,OdorControl,SupplierC,0.302,220,8.84,4,Round,0.281,11124
XXL,Composite,SuperAbsorbent,SoftPulp,NoAdditives,SupplierB,0.252,285,9.12,1,Round,0.257,10545
M,Airlaid,Hybrid,RefinedPulp,Barrier,SupplierA,0.278,229,9.92,3,Oval,0.334,11021
XL,Composite,HighFlux,SoftPulp,Softener,SupplierC,0.233,189,8.27,2,Rectangular,0.237,9878
S,Nonwoven,SuperAbsorbent,RefinedPulp,Barrier,SupplierD,0.211,234,10.34,3,Rectangular,0.365,10483
XL,Nonwoven,HighFlux,SoftPulp,Softener,SupplierA,0.18,231,9.82,2,Oval,0.185,9826
XL,Airlaid,HighFlux,SoftPulp,NoAdditives,SupplierB,0.233,220,7.64,3,Round,0.204,10062
XXL,Composite,Hybrid,SoftPulp,NoAdditives,SupplierC,0.234,230,7.52,2,Rectangular,0.227,9945
XXL,Nonwoven,SuperAbsorbent,RefinedPulp,NoAdditives,SupplierB,0.276,210,10.4,2,Rectangular,0.244,10786
M,Composite,SuperAbsorbent,RefinedPulp,Softener,SupplierB,0.251,243,6.94,1,Rectangular,0.34,9996
XL,Airlaid,Hybrid,BleachedPulp,Softener,SupplierA,0.164,251,7.89,5,Rectangular,0.231,9885
L,Nonwoven,SuperAbsorbent,RefinedPulp,Softener,SupplierA,0.212,224,10.2,4,Oval,0.257,10512
XXL,Composite,Hybrid,SoftPulp,OdorControl,SupplierD,0.343,250,9.63,3,Oval,0.305,11669
M,Airlaid,HighFlux,RefinedPulp,Barrier,SupplierB,0.279,206,7.6,3,Rectangular,0.323,10495
XXL,Composite,SuperAbsorbent,BleachedPulp,OdorControl,SupplierB,0.231,208,9.27,3,Rectangular,0.281,10289
S,Nonwoven,Hybrid,SoftPulp,Barrier,SupplierB,0.244,256,7.24,3,Rectangular,0.332,10351
XL,Airlaid,Hybrid,SoftPulp,NoAdditives,SupplierA,0.204,173,8.41,3,Oval,0.191,9681
XL,Airlaid,Hybrid,SoftPulp,Softener,SupplierA,0.316,235,7.37,4,Round,0.25,11074
XL,Composite,HighFlux,BleachedPulp,Barrier,SupplierA,0.301,234,8.25,2,Round,0.288,10784
S,Airlaid,HighFlux,SoftPulp,OdorControl,SupplierD,0.221,247,10.57,4,Round,0.329,10824
L,Composite,Hybrid,SoftPulp,Softener,SupplierB,0.216,192,8.65,1,Rectangular,0.258,9662
XL,Spunlace,SuperAbsorbent,RefinedPulp,OdorControl,SupplierC,0.256,216,7.99,1,Oval,0.278,10056
M,Nonwoven,SuperAbsorbent,RefinedPulp,OdorControl,SupplierD,0.266,206,7.21,1,Oval,0.321,10003
XL,Nonwoven,Hybrid,RefinedPulp,Softener,SupplierD,0.239,264,10.33,2,Rectangular,0.265,10683
XXL,Spunlace,Hybrid,SoftPulp,Softener,SupplierC,0.21,231,7.4,3,Round,0.192,9832
XL,Airlaid,HighFlux,RefinedPulp,OdorControl,SupplierD,0.278,250,8.39,3,Oval,0.284,10806
XL,Spunlace,Hybrid,RefinedPulp,Softener,SupplierD,0.196,199,8.25,3,Oval,0.225,9706
M,Composite,Hybrid,RefinedPulp,Barrier,SupplierB,0.286,199,10.14,2,Oval,0.349,10845
XL,Airlaid,Hybrid,RefinedPulp,NoAdditives,SupplierB,0.239,201,5.83,3,Rectangular,0.228,9711
XXL,Spunlace,HighFlux,BleachedPulp,NoAdditives,SupplierD,0.277,212,8.57,3,Rectangular,0.238,10619
M,Composite,Hybrid,BleachedPulp,NoAdditives,SupplierD,0.162,206,9.37,2,Rectangular,0.293,9500
XL,Spunlace,HighFlux,RefinedPulp,Softener,SupplierC,0.255,186,9.01,3,Rectangular,0.238,10363
M,Composite,Hybrid,SoftPulp,Barrier,SupplierD,0.159,249,7.69,2,Rectangular,0.308,9383
XL,Composite,HighFlux,SoftPulp,OdorControl,SupplierA,0.25,248,7.38,3,Round,0.238,10331
M,Airlaid,SuperAbsorbent,BleachedPulp,NoAdditives,SupplierD,0.261,237,8.69,2,Oval,0.344,10529
XL,Nonwoven,SuperAbsorbent,SoftPulp,OdorControl,SupplierB,0.199,222,7.32,1,Rectangular,0.234,9390
XXL,Spunlace,Hybrid,RefinedPulp,Barrier,SupplierD,0.262,242,5.9,2,Rectangular,0.26,9997
XXL,Spunlace,Hybrid,SoftPulp,Barrier,SupplierA,0.271,271,8.52,2,Oval,0.248,10698
XL,Nonwoven,SuperAbsorbent,BleachedPulp,Softener,SupplierC,0.231,254,7.79,2,Oval,0.269,10107
L,Composite,SuperAbsorbent,BleachedPulp,Barrier,SupplierC,0.216,196,8.63,4,Oval,0.319,10147
S,Composite,HighFlux,BleachedPulp,Barrier,SupplierC,0.256,213,8.18,1,Round,0.358,10133
L,Nonwoven,HighFlux,SoftPulp,NoAdditives,SupplierC,0.284,218,8.3,5,Rectangular,0.246,10994
S,Spunlace,HighFlux,SoftPulp,Softener,SupplierB,0.255,201,8.03,4,Oval,0.298,10472
XXL,Composite,Hybrid,SoftPulp,Barrier,SupplierB,0.246,184,9.51,2,Round,0.236,10196
XL,Composite,SuperAbsorbent,BleachedPulp,Softener,SupplierD,0.334,247,8.01,4,Rectangular,0.349,11452
XL,Composite,SuperAbsorbent,BleachedPulp,Softener,SupplierB,0.243,241,9.03,2,Oval,0.3,10394
S,Nonwoven,HighFlux,SoftPulp,OdorControl,SupplierC,0.208,245,8.13,2,Round,0.288,9938
XL,Nonwoven,Hybrid,BleachedPulp,Barrier,SupplierC,0.192,230,10.77,2,Rectangular,0.263,10128
XL,Composite,HighFlux,SoftPulp,OdorControl,SupplierC,0.241,255,8.41,3,Oval,0.266,10465
XXL,Spunlace,HighFlux,BleachedPulp,OdorControl,SupplierA,0.187,230,8.29,3,Rectangular,0.206,9760
M,Airlaid,SuperAbsorbent,SoftPulp,OdorControl,SupplierA,0.299,284,9.14,3,Round,0.345,11370
L,Spunlace,HighFlux,RefinedPulp,Barrier,SupplierB,0.25,211,8.87,2,Rectangular,0.278,10282
XL,Composite,SuperAbsorbent,RefinedPulp,Softener,SupplierB,0.248,252,7.39,4,Oval,0.288,10501
L,Spunlace,SuperAbsorbent,RefinedPulp,Barrier,SupplierA,0.306,217,6.17,2,Oval,0.306,10399
S,Composite,SuperAbsorbent,SoftPulp,Barrier,SupplierD,0.305,219,7.4,2,Oval,0.401,10674
XL,Composite,HighFlux,RefinedPulp,Barrier,SupplierB,0.282,233,8.24,2,Round,0.28,10586
XXL,Nonwoven,SuperAbsorbent,RefinedPulp,NoAdditives,SupplierC,0.22,196,10.28,2,Round,0.207,10133
XXL,Airlaid,SuperAbsorbent,RefinedPulp,Barrier,SupplierA,0.301,258,9.6,2,Rectangular,0.305,11143
S,Airlaid,HighFlux,RefinedPulp,NoAdditives,SupplierD,0.26,219,7.51,3,Rectangular,0.329,10373
M,Composite,SuperAbsorbent,BleachedPulp,Softener,SupplierC,0.181,249,7.99,3,Round,0.318,9816
XL,Airlaid,Hybrid,SoftPulp,Barrier,SupplierA,0.254,213,9.15,2,Round,0.246,10368
M,Airlaid,HighFlux,BleachedPulp,Barrier,SupplierB,0.284,186,8.64,4,Rectangular,0.333,10785
M,Spunlace,SuperAbsorbent,SoftPulp,OdorControl,SupplierC,0.19,203,9.07,3,Rectangular,0.297,9863
XXL,Spunlace,Hybrid,BleachedPulp,OdorControl,SupplierC,0.258,232,9.2,4,Rectangular,0.264,10801
L,Nonwoven,SuperAbsorbent,RefinedPulp,NoAdditives,SupplierC,0.26,213,9.24,4,Rectangular,0.279,10765
M,Spunlace,SuperAbsorbent,SoftPulp,OdorControl,SupplierB,0.233,195,9.72,3,Rectangular,0.31,10370
XL,Composite,SuperAbsorbent,BleachedPulp,OdorControl,SupplierD,0.131,241,7.91,3,Oval,0.27,9225
XL,Nonwoven,HighFlux,SoftPulp,Barrier,SupplierC,0.257,224,9.28,2,Rectangular,0.251,10470
L,Composite,Hybrid,RefinedPulp,NoAdditives,SupplierA,0.266,213,9.31,3,Rectangular,0.277,10685
XL,Airlaid,SuperAbsorbent,BleachedPulp,Barrier,SupplierB,0.193,247,7.91,3,Oval,0.287,9873
M,Composite,Hybrid,RefinedPulp,OdorControl,SupplierC,0.258,265,8.25,2,Rectangular,0.35,10554
XXL,Spunlace,HighFlux,RefinedPulp,OdorControl,SupplierA,0.239,212,9.38,1,Round,0.201,10081
S,Composite,SuperAbsorbent,SoftPulp,Softener,SupplierD,0.187,193,9.55,4,Oval,0.335,10047
S,Composite,SuperAbsorbent,BleachedPulp,Softener,SupplierC,0.235,215,8.58,4,Round,0.362,10466
L,Nonwoven,HighFlux,RefinedPulp,OdorControl,SupplierA,0.194,225,9.57,3,Oval,0.227,10061
M,Nonwoven,Hybrid,BleachedPulp,OdorControl,SupplierB,0.249,245,5.53,3,Oval,0.299,10017
S,Nonwoven,SuperAbsorbent,SoftPulp,Barrier,SupplierA,0.207,174,9.06,4,Round,0.295,10055
XXL,Spunlace,HighFlux,BleachedPulp,Barrier,SupplierA,0.233,243,10.27,4,Round,0.231,10791
L,Nonwoven,Hybrid,BleachedPulp,Softener,SupplierD,0.322,238,8.58,1,Round,0.299,10934
M,Composite,SuperAbsorbent,BleachedPulp,NoAdditives,SupplierA,0.228,198,10.89,3,Oval,0.318,10550
L,Airlaid,SuperAbsorbent,RefinedPulp,Softener,SupplierB,0.246,233,8.55,4,Round,0.287,10606
XXL,Nonwoven,HighFlux,BleachedPulp,Softener,SupplierD,0.209,224,7.68,2,Oval,0.206,9687
M,Spunlace,Hybrid,BleachedPulp,Barrier,SupplierB,0.209,219,8.03,2,Round,0.295,9790
S,Spunlace,SuperAbsorbent,BleachedPulp,Barrier,SupplierC,0.17,217,6.84,3,Oval,0.339,9362
L,Spunlace,SuperAbsorbent,RefinedPulp,NoAdditives,SupplierB,0.244,183,8.16,2,Rectangular,0.264,9963
XXL,Airlaid,HighFlux,SoftPulp,OdorControl,SupplierB,0.256,253,6.44,3,Rectangular,0.233,10231
XXL,Spunlace,HighFlux,RefinedPulp,OdorControl,SupplierA,0.232,236,8.73,2,Round,0.203,10164
XL,Composite,SuperAbsorbent,SoftPulp,Barrier,SupplierA,0.224,200,9.68,3,Rectangular,0.277,10264
S,Airlaid,Hybrid,SoftPulp,Barrier,SupplierD,0.335,218,7.72,1,Oval,0.384,10864
XXL,Spunlace,Hybrid,SoftPulp,NoAdditives,SupplierA,0.15,180,8.79,3,Round,0.133,9224
L,Spunlace,SuperAbsorbent,SoftPulp,Barrier,SupplierC,0.161,242,7.97,3,Rectangular,0.273,9548
XXL,Composite,Hybrid,BleachedPulp,Barrier,SupplierA,0.321,242,8.2,2,Rectangular,0.303,11007
XXL,Spunlace,Hybrid,SoftPulp,OdorControl,SupplierA,0.132,202,8.27,2,Rectangular,0.165,8916
M,Spunlace,HighFlux,RefinedPulp,Barrier,SupplierA,0.233,221,8.25,2,Oval,0.287,10072
XL,Spunlace,SuperAbsorbent,SoftPulp,NoAdditives,SupplierD,0.248,231,7.3,4,Round,0.242,10369
XL,Nonwoven,Hybrid,BleachedPulp,Softener,SupplierA,0.235,220,9.28,3,Round,0.221,10382
M,Nonwoven,SuperAbsorbent,RefinedPulp,OdorControl,SupplierC,0.288,227,7.83,3,Round,0.324,10737
L,Spunlace,HighFlux,RefinedPulp,NoAdditives,SupplierA,0.183,222,8.46,3,Oval,0.208,9735
XL,Airlaid,HighFlux,SoftPulp,OdorControl,SupplierA,0.234,172,7.9,3,Oval,0.211,9883
XL,Airlaid,SuperAbsorbent,RefinedPulp,Softener,SupplierC,0.248,194,9.89,2,Round,0.266,10357
L,Nonwoven,HighFlux,BleachedPulp,NoAdditives,SupplierB,0.288,230,7.79,4,Rectangular,0.264,10856
XXL,Nonwoven,SuperAbsorbent,SoftPulp,Softener,SupplierA,0.18,242,9.6,2,Oval,0.197,9840
L,Composite,SuperAbsorbent,SoftPulp,NoAdditives,SupplierD,0.31,213,8.82,3,Round,0.307,11044
L,Spunlace,Hybrid,BleachedPulp,OdorControl,SupplierC,0.233,240,9.37,1,Round,0.282,10201
XXL,Airlaid,SuperAbsorbent,BleachedPulp,NoAdditives,SupplierB,0.305,178,9.64,4,Round,0.258,11086
XXL,Nonwoven,Hybrid,SoftPulp,Barrier,SupplierC,0.185,209,7.28,3,Oval,0.195,9453
L,Nonwoven,HighFlux,RefinedPulp,NoAdditives,SupplierC,0.225,239,9.94,4,Round,0.23,10654
L,Airlaid,HighFlux,BleachedPulp,Softener,SupplierD,0.212,214,6.65,2,Oval,0.26,9519
XXL,Composite,SuperAbsorbent,BleachedPulp,Softener,SupplierB,0.288,260,7.14,2,Round,0.286,10581
XL,Nonwoven,SuperAbsorbent,BleachedPulp,OdorControl,SupplierA,0.239,227,7.61,3,Oval,0.258,10170
S,Composite,HighFlux,BleachedPulp,OdorControl,SupplierA,0.216,219,9.1,3,Round,0.323,10224
XXL,Spunlace,Hybrid,RefinedPulp,NoAdditives,SupplierB,0.218,217,8.4,2,Rectangular,0.205,9874
L,Nonwoven,SuperAbsorbent,SoftPulp,Barrier,SupplierC,0.227,259,9.12,2,Oval,0.294,10346
S,Nonwoven,HighFlux,SoftPulp,Barrier,SupplierA,0.275,211,9.79,3,Rectangular,0.321,10889
XXL,Nonwoven,Hybrid,BleachedPulp,Softener,SupplierB,0.235,231,6.77,2,Oval,0.214,9822
L,Airlaid,Hybrid,BleachedPulp,OdorControl,SupplierC,0.18,223,10.41,4,Oval,0.28,10228
L,Spunlace,SuperAbsorbent,SoftPulp,Softener,SupplierA,0.272,232,6.52,2,Round,0.258,10189
S,Spunlace,Hybrid,RefinedPulp,OdorControl,SupplierD,0.201,204,8.32,2,Round,0.309,9708
XXL,Airlaid,SuperAbsorbent,RefinedPulp,OdorControl,SupplierD,0.141,238,7.32,3,Oval,0.231,9182
S,Nonwoven,SuperAbsorbent,BleachedPulp,OdorControl,SupplierA,0.344,197,5.72,2,Round,0.354,10642
L,Spunlace,SuperAbsorbent,BleachedPulp,Softener,SupplierC,0.295,268,7.15,3,Oval,0.326,10871
XXL,Nonwoven,HighFlux,RefinedPulp,OdorControl,SupplierB,0.217,217,11.41,1,Round,0.202,10250
XL,Composite,HighFlux,BleachedPulp,Softener,SupplierA,0.253,231,9.69,3,Oval,0.263,10696
S,Spunlace,SuperAbsorbent,SoftPulp,NoAdditives,SupplierB,0.255,210,8.8,2,Round,0.314,10367
M,Composite,Hybrid,BleachedPulp,NoAdditives,SupplierC,0.271,210,8.91,3,Round,0.316,10674
S,Nonwoven,SuperAbsorbent,BleachedPulp,Barrier,SupplierB,0.296,218,6.55,4,Round,0.364,10720
L,Nonwoven,SuperAbsorbent,RefinedPulp,NoAdditives,SupplierB,0.195,203,7.84,4,Rectangular,0.239,9813
XL,Composite,Hybrid,SoftPulp,Barrier,SupplierD,0.133,298,9.66,3,Round,0.255,9831
L,Spunlace,SuperAbsorbent,RefinedPulp,OdorControl,SupplierD,0.237,227,9.07,3,Round,0.293,10430
S,Spunlace,HighFlux,RefinedPulp,Barrier,SupplierD,0.268,222,8.28,3,Rectangular,0.356,10610
XL,Nonwoven,SuperAbsorbent,RefinedPulp,Barrier,SupplierB,0.23,248,9.15,1,Oval,0.277,10163
M,Spunlace,HighFlux,BleachedPulp,NoAdditives,SupplierD,0.273,224,8.48,2,Rectangular,0.309,10529
L,Composite,HighFlux,RefinedPulp,OdorControl,SupplierC,0.296,243,7.65,3,Oval,0.311,10836
L,Spunlace,SuperAbsorbent,RefinedPulp,Softener,SupplierA,0.191,185,7.81,3,Oval,0.237,9530
S,Composite,HighFlux,RefinedPulp,Softener,SupplierB,0.288,232,9.3,3,Round,0.346,11042
M,Spunlace,Hybrid,BleachedPulp,NoAdditives,SupplierB,0.208,230,9.38,3,Rectangular,0.289,10224
XL,Airlaid,SuperAbsorbent,SoftPulp,Softener,SupplierC,0.299,237,8.89,4,Rectangular,0.3,11202
L,Nonwoven,HighFlux,BleachedPulp,OdorControl,SupplierB,0.239,197,8.32,2,Rectangular,0.257,10001
M,Composite,HighFlux,RefinedPulp,Softener,SupplierD,0.206,216,7.63,2,Round,0.282,9669
S,Nonwoven,SuperAbsorbent,BleachedPulp,Softener,SupplierA,0.145,225,8.5,2,Rectangular,0.299,9293
XL,Nonwoven,Hybrid,BleachedPulp,Softener,SupplierB,0.273,243,6.73,2,Oval,0.253,10271
M,Airlaid,SuperAbsorbent,SoftPulp,Softener,SupplierB,0.202,196,9.41,3,Round,0.281,10008
XXL,Airlaid,SuperAbsorbent,RefinedPulp,Barrier,SupplierA,0.227,169,9.2,2,Oval,0.242,9886
L,Airlaid,SuperAbsorbent,SoftPulp,Barrier,SupplierD,0.243,226,10.0,2,Rectangular,0.324,10507
L,Spunlace,HighFlux,BleachedPulp,OdorControl,SupplierB,0.1,224,10.48,4,Rectangular,0.228,9437
XXL,Spunlace,Hybrid,RefinedPulp,OdorControl,SupplierB,0.25,207,9.39,2,Round,0.224,10324
S,Composite,HighFlux,SoftPulp,Softener,SupplierC,0.264,232,9.67,5,Rectangular,0.348,11169
M,Nonwoven,Hybrid,SoftPulp,OdorControl,SupplierA,0.26,207,8.47,1,Round,0.264,10158
L,Airlaid,SuperAbsorbent,BleachedPulp,NoAdditives,SupplierC,0.205,209,7.92,3,Oval,0.275,9815
S,Airlaid,SuperAbsorbent,SoftPulp,NoAdditives,SupplierC,0.199,248,8.5,3,Oval,0.327,10098
S,Nonwoven,SuperAbsorbent,RefinedPulp,Barrier,SupplierD,0.224,223,9.41,2,Round,0.348,10238
XL,Composite,Hybrid,RefinedPulp,Barrier,SupplierA,0.207,212,7.02,2,Oval,0.248,9517
XXL,Spunlace,SuperAbsorbent,RefinedPulp,NoAdditives,SupplierA,0.216,241,8.79,3,Oval,0.218,10203
S,Airlaid,Hybrid,SoftPulp,NoAdditives,SupplierC,0.283,216,8.93,3,Round,0.323,10844
XL,Spunlace,HighFlux,SoftPulp,NoAdditives,SupplierC,0.253,205,5.82,3,Rectangular,0.21,9859
XXL,Composite,HighFlux,SoftPulp,Barrier,SupplierB,0.311,243,9.56,4,Rectangular,0.285,11448
XL,Spunlace,SuperAbsorbent,SoftPulp,OdorControl,SupplierB,0.244,224,7.82,2,Round,0.25,10090
XL,Airlaid,HighFlux,RefinedPulp,OdorControl,SupplierB,0.271,250,8.35,2,Round,0.261,10576
S,Composite,HighFlux,BleachedPulp,Barrier,SupplierB,0.24,235,6.91,1,Round,0.348,9854
L,Nonwoven,Hybrid,SoftPulp,OdorControl,SupplierD,0.212,189,7.94,3,Round,0.227,9771
S,Nonwoven,SuperAbsorbent,SoftPulp,OdorControl,SupplierA,0.217,256,8.86,3,Oval,0.323,10379
S,Airlaid,Hybrid,RefinedPulp,Barrier,SupplierC,0.271,191,9.64,3,Round,0.353,10735
XXL,Composite,SuperAbsorbent,RefinedPulp,Barrier,SupplierC,0.274,193,6.79,3,Round,0.274,10195
XL,Nonwoven,Hybrid,RefinedPulp,Barrier,SupplierC,0.259,197,7.54,4,Round,0.242,10347
L,Nonwoven,SuperAbsorbent,BleachedPulp,NoAdditives,SupplierA,0.181,261,7.51,3,Rectangular,0.25,9755
L,Composite,HighFlux,SoftPulp,NoAdditives,SupplierD,0.224,235,7.9,3,Rectangular,0.261,10116
XL,Composite,HighFlux,SoftPulp,Barrier,SupplierC,0.242,194,9.31,2,Round,0.251,10182
XL,Nonwoven,HighFlux,BleachedPulp,Softener,SupplierA,0.229,195,5.68,3,Oval,0.197,9545
M,Spunlace,SuperAbsorbent,SoftPulp,Softener,SupplierA,0.361,239,8.48,2,Oval,0.344,11492
S,Composite,SuperAbsorbent,BleachedPulp,Softener,SupplierC,0.241,233,7.2,4,Oval,0.374,10369
S,Nonwoven,Hybrid,BleachedPulp,Barrier,SupplierC,0.276,237,8.98,3,Oval,0.366,10894
XXL,Composite,SuperAbsorbent,BleachedPulp,Barrier,SupplierA,0.274,234,8.11,2,Oval,0.296,10490
M,Spunlace,HighFlux,BleachedPulp,NoAdditives,SupplierA,0.245,258,7.14,2,Rectangular,0.283,10175
S,Airlaid,HighFlux,RefinedPulp,Barrier,SupplierC,0.248,221,8.69,3,Oval,0.349,10480
XL,Composite,SuperAbsorbent,SoftPulp,OdorControl,SupplierD,0.229,257,6.74,2,Round,0.28,9918
XXL,Composite,SuperAbsorbent,RefinedPulp,OdorControl,SupplierB,0.235,178,8.31,4,Round,0.245,10151
XL,Airlaid,Hybrid,SoftPulp,OdorControl,SupplierC,0.241,225,7.11,2,Oval,0.251,9933
L,Composite,HighFlux,BleachedPulp,NoAdditives,SupplierB,0.221,212,9.91,3,Round,0.256,10334
L,Composite,Hybrid,RefinedPulp,Barrier,SupplierA,0.184,226,9.05,4,Round,0.262,10037
XL,Spunlace,Hybrid,BleachedPulp,Barrier,SupplierC,0.319,194,7.61,2,Round,0.285,10650
XXL,Spunlace,SuperAbsorbent,RefinedPulp,Barrier,SupplierB,0.228,231,9.59,3,Rectangular,0.268,10425
XXL,Nonwoven,SuperAbsorbent,SoftPulp,Softener,SupplierA,0.224,223,7.58,4,Round,0.191,10120
S,Composite,SuperAbsorbent,RefinedPulp,Softener,SupplierC,0.16,224,10.73,3,Oval,0.343,9997
XL,Composite,HighFlux,SoftPulp,NoAdditives,SupplierB,0.23,211,8.3,4,Oval,0.223,10260
XL,Composite,SuperAbsorbent,RefinedPulp,OdorControl,SupplierC,0.129,258,6.93,2,Round,0.246,8959
L,Nonwoven,Hybrid,SoftPulp,Barrier,SupplierA,0.219,234,6.74,3,Round,0.229,9850
XXL,Spunlace,SuperAbsorbent,BleachedPulp,Softener,SupplierB,0.341,185,8.71,2,Oval,0.281,11014
XL,Nonwoven,HighFlux,SoftPulp,Barrier,SupplierB,0.261,220,7.79,3,Rectangular,0.241,10371
M,Nonwoven,SuperAbsorbent,RefinedPulp,OdorControl,SupplierC,0.33,215,9.29,2,Oval,0.353,11212
XL,Airlaid,Hybrid,RefinedPulp,Softener,SupplierD,0.192,231,10.13,3,Oval,0.251,10167
XXL,Composite,HighFlux,SoftPulp,NoAdditives,SupplierC,0.224,219,7.12,3,Rectangular,0.208,9863
XXL,Airlaid,Hybrid,BleachedPulp,NoAdditives,SupplierD,0.284,208,7.98,3,Round,0.242,10568
L,Airlaid,HighFlux,RefinedPulp,OdorControl,SupplierC,0.218,218,10.81,3,Rectangular,0.28,10498
L,Spunlace,SuperAbsorbent,BleachedPulp,Softener,SupplierA,0.222,203,9.32,3,Rectangular,0.276,10205
XL,Airlaid,HighFlux,SoftPulp,NoAdditives,SupplierD,0.208,253,10.06,2,Oval,0.233,10265
L,Composite,Hybrid,RefinedPulp,NoAdditives,SupplierB,0.147,245,7.75,3,Oval,0.237,9375
M,Composite,HighFlux,RefinedPulp,OdorControl,SupplierB,0.141,242,7.17,3,Rectangular,0.277,9219
XXL,Spunlace,Hybrid,SoftPulp,Barrier,SupplierB,0.241,196,8.05,3,Rectangular,0.226,10090
L,Spunlace,HighFlux,RefinedPulp,NoAdditives,SupplierB,0.245,234,10.67,1,Oval,0.255,10514
M,Airlaid,Hybrid,RefinedPulp,OdorControl,SupplierC,0.321,222,7.51,2,Rectangular,0.349,10833
L,Composite,SuperAbsorbent,RefinedPulp,NoAdditives,SupplierA,0.231,243,8.36,4,Oval,0.283,10473
M,Nonwoven,HighFlux,RefinedPulp,OdorControl,SupplierD,0.167,219,7.12,3,Round,0.245,9345
M,Spunlace,SuperAbsorbent,RefinedPulp,Barrier,SupplierD,0.284,209,5.64,3,Round,0.333,10219
L,Spunlace,SuperAbsorbent,RefinedPulp,OdorControl,SupplierB,0.262,230,9.86,2,Oval,0.307,10688
S,Nonwoven,Hybrid,RefinedPulp,Softener,SupplierB,0.274,249,6.54,3,Rectangular,0.329,10489
M,Composite,SuperAbsorbent,SoftPulp,Barrier,SupplierD,0.215,217,8.88,2,Oval,0.341,10007
XL,Composite,Hybrid,SoftPulp,NoAdditives,SupplierB,0.206,220,7.3,2,Rectangular,0.227,9591
L,Nonwoven,Hybrid,BleachedPulp,Softener,SupplierA,0.274,191,9.23,3,Rectangular,0.263,10636
S,Spunlace,SuperAbsorbent,BleachedPulp,OdorControl,SupplierC,0.154,203,9.81,2,Round,0.321,9513
S,Composite,HighFlux,BleachedPulp,OdorControl,SupplierB,0.217,231,9.36,2,Round,0.338,10192
S,Airlaid,Hybrid,RefinedPulp,OdorControl,SupplierD,0.21,255,10.41,3,Rectangular,0.361,10584
M,Airlaid,Hybrid,RefinedPulp,Softener,SupplierB,0.244,199,7.59,3,Oval,0.292,10109
S,Spunlace,SuperAbsorbent,BleachedPulp,Softener,SupplierB,0.261,255,9.22,1,Rectangular,0.377,10587
S,Spunlace,SuperAbsorbent,RefinedPulp,NoAdditives,SupplierD,0.293,195,8.08,3,Rectangular,0.357,10698
L,Nonwoven,HighFlux,SoftPulp,NoAdditives,SupplierA,0.34,297,9.17,3,Round,0.266,11801
S,Composite,Hybrid,RefinedPulp,NoAdditives,SupplierC,0.267,242,8.15,4,Oval,0.351,10830
M,Spunlace,HighFlux,BleachedPulp,NoAdditives,SupplierC,0.252,232,9.23,3,Oval,0.296,10642
S,Airlaid,HighFlux,BleachedPulp,Softener,SupplierD,0.282,204,7.89,2,Round,0.34,10439
XXL,Nonwoven,Hybrid,SoftPulp,NoAdditives,SupplierD,0.262,239,9.0,4,Round,0.207,10826
XXL,Spunlace,Hybrid,BleachedPulp,Softener,SupplierC,0.24,236,7.3,2,Rectangular,0.24,9997
XL,Airlaid,SuperAbsorbent,SoftPulp,Barrier,SupplierB,0.275,241,8.18,3,Rectangular,0.304,10707
XL,Airlaid,SuperAbsorbent,SoftPulp,NoAdditives,SupplierA,0.164,211,9.48,3,Round,0.201,9672
XXL,Composite,SuperAbsorbent,SoftPulp,NoAdditives,SupplierA,0.265,221,8.51,2,Oval,0.24,10396
M,Composite,Hybrid,RefinedPulp,Barrier,SupplierA,0.275,230,9.04,2,Round,0.329,10689
M,Nonwoven,Hybrid,RefinedPulp,OdorControl,SupplierD,0.132,247,7.97,2,Rectangular,0.268,9145
S,Nonwoven,SuperAbsorbent,SoftPulp,Softener,SupplierB,0.275,210,9.67,3,Oval,0.336,10874
L,Composite,HighFlux,RefinedPulp,NoAdditives,SupplierC,0.274,185,9.83,3,Oval,0.273,10715
M,Nonwoven,Hybrid,RefinedPulp,Barrier,SupplierC,0.222,223,6.55,3,Oval,0.291,9820
XL,Composite,HighFlux,SoftPulp,NoAdditives,SupplierB,0.189,186,6.83,4,Rectangular,0.198,9461
S,Spunlace,SuperAbsorbent,RefinedPulp,Barrier,SupplierD,0.209,258,7.91,1,Round,0.357,9846
XXL,Composite,Hybrid,BleachedPulp,NoAdditives,SupplierB,0.184,250,8.33,2,Oval,0.226,9695
XL,Nonwoven,Hybrid,RefinedPulp,NoAdditives,SupplierA,0.248,232,9.73,4,Oval,0.222,10800
L,Nonwoven,HighFlux,BleachedPulp,Softener,SupplierC,0.222,186,8.05,3,Rectangular,0.241,9876
XXL,Nonwoven,Hybrid,BleachedPulp,Softener,SupplierD,0.192,196,8.88,3,Oval,0.205,9748
XL,Spunlace,HighFlux,BleachedPulp,NoAdditives,SupplierA,0.242,201,8.25,2,Rectangular,0.219,10020
M,Composite,Hybrid,SoftPulp,NoAdditives,SupplierD,0.285,245,6.47,2,Oval,0.317,10397
M,Airlaid,Hybrid,SoftPulp,Softener,SupplierD,0.165,203,8.41,2,Oval,0.265,9335
M,Nonwoven,Hybrid,RefinedPulp,Barrier,SupplierA,0.194,194,8.73,3,Oval,0.265,9786
XL,Airlaid,SuperAbsorbent,RefinedPulp,NoAdditives,SupplierA,0.204,224,7.9,2,Oval,0.234,9706
XL,Nonwoven,HighFlux,BleachedPulp,NoAdditives,SupplierA,0.324,253,7.07,3,Rectangular,0.253,11034
XXL,Airlaid,HighFlux,BleachedPulp,Softener,SupplierD,0.281,191,9.4,4,Oval,0.251,10857
L,Nonwoven,SuperAbsorbent,RefinedPulp,OdorControl,SupplierD,0.184,197,9.62,3,Rectangular,0.27,9848
L,Composite,SuperAbsorbent,SoftPulp,Softener,SupplierA,0.268,228,8.93,2,Oval,0.295,10570
L,Airlaid,HighFlux,BleachedPulp,OdorControl,SupplierA,0.292,249,8.25,3,Round,0.288,10930
M,Composite,SuperAbsorbent,BleachedPulp,Barrier,SupplierA,0.163,232,9.13,3,Oval,0.325,9759
XXL,Spunlace,SuperAbsorbent,SoftPulp,Barrier,SupplierB,0.296,211,9.12,2,Oval,0.272,10767
M,Airlaid,SuperAbsorbent,RefinedPulp,NoAdditives,SupplierA,0.239,215,8.75,2,Oval,0.299,10204
XL,Spunlace,Hybrid,SoftPulp,NoAdditives,SupplierD,0.233,240,8.02,1,Rectangular,0.236,9936
XL,Spunlace,HighFlux,BleachedPulp,Softener,SupplierB,0.327,254,7.08,3,Round,0.269,11075
XL,Airlaid,HighFlux,RefinedPulp,Barrier,SupplierB,0.215,226,8.82,3,Oval,0.253,10134
XL,Airlaid,Hybrid,RefinedPulp,Softener,SupplierB,0.201,202,7.49,2,Oval,0.225,9486
XXL,Airlaid,HighFlux,BleachedPulp,OdorControl,SupplierB,0.237,202,9.25,4,Round,0.226,10445
M,Airlaid,HighFlux,RefinedPulp,Softener,SupplierB,0.211,225,9.05,3,Rectangular,0.287,10167
XXL,Airlaid,HighFlux,SoftPulp,OdorControl,SupplierD,0.244,238,9.03,2,Rectangular,0.244,10354
XXL,Composite,HighFlux,BleachedPulp,OdorControl,SupplierD,0.283,242,7.66,3,Round,0.27,10673
XXL,Nonwoven,SuperAbsorbent,RefinedPulp,Softener,SupplierA,0.274,214,9.68,5,Rectangular,0.242,11108
S,Spunlace,Hybrid,SoftPulp,OdorControl,SupplierC,0.201,185,8.83,3,Round,0.29,9852
S,Airlaid,SuperAbsorbent,BleachedPulp,NoAdditives,SupplierC,0.228,256,7.03,3,Oval,0.355,10168
S,Spunlace,HighFlux,BleachedPulp,Barrier,SupplierB,0.21,262,10.69,2,Rectangular,0.354,10515
L,Nonwoven,Hybrid,RefinedPulp,Barrier,SupplierC,0.213,241,8.07,3,Rectangular,0.274,10071
S,Nonwoven,HighFlux,RefinedPulp,Softener,SupplierD,0.241,172,8.48,2,Round,0.286,9967
L,Spunlace,HighFlux,SoftPulp,OdorControl,SupplierD,0.215,256,7.12,3,Round,0.245,9986
S,Spunlace,SuperAbsorbent,BleachedPulp,NoAdditives,SupplierD,0.226,213,9.37,3,Round,0.336,10350
XL,Airlaid,HighFlux,RefinedPulp,Softener,SupplierB,0.269,244,8.14,2,Rectangular,0.262,10489
L,Nonwoven,Hybrid,RefinedPulp,Softener,SupplierA,0.186,199,11.74,4,Round,0.215,10393
L,Nonwoven,HighFlux,BleachedPulp,OdorControl,SupplierD,0.172,186,9.03,3,Rectangular,0.24,9555
XXL,Airlaid,SuperAbsorbent,BleachedPulp,OdorControl,SupplierB,0.267,213,8.36,3,Round,0.268,10504
XXL,Nonwoven,HighFlux,SoftPulp,Barrier,SupplierD,0.244,164,8.25,2,Round,0.194,9837
L,Spunlace,SuperAbsorbent,BleachedPulp,OdorControl,SupplierC,0.249,294,8.9,2,Oval,0.332,10708
L,Spunlace,HighFlux,BleachedPulp,Barrier,SupplierA,0.286,232,8.96,3,Round,0.284,10912
L,Composite,SuperAbsorbent,BleachedPulp,Softener,SupplierA,0.343,191,9.02,2,Rectangular,0.34,11157
L,Composite,SuperAbsorbent,RefinedPulp,OdorControl,SupplierC,0.268,197,8.04,2,Round,0.307,10260
XXL,Airlaid,HighFlux,BleachedPulp,Barrier,SupplierD,0.289,242,7.13,3,Round,0.271,10636
L,Spunlace,Hybrid,BleachedPulp,NoAdditives,SupplierA,0.205,188,8.26,2,Round,0.215,9605
XXL,Nonwoven,HighFlux,SoftPulp,Softener,SupplierB,0.361,230,6.98,2,Rectangular,0.24,11105
XL,Nonwoven,SuperAbsorbent,BleachedPulp,Barrier,SupplierA,0.291,272,6.76,1,Rectangular,0.304,10465
M,Nonwoven,Hybrid,BleachedPulp,OdorControl,SupplierA,0.334,229,7.54,3,Round,0.316,11146
S,Nonwoven,SuperAbsorbent,RefinedPulp,NoAdditives,SupplierB,0.108,220,8.86,3,Oval,0.269,9108
XL,Composite,Hybrid,BleachedPulp,Barrier,SupplierD,0.189,222,7.48,3,Oval,0.276,9625
S,Composite,HighFlux,SoftPulp,NoAdditives,SupplierA,0.195,209,7.4,3,Rectangular,0.279,9652
XXL,Nonwoven,HighFlux,SoftPulp,OdorControl,SupplierA,0.283,214,8.54,2,Oval,0.206,10526
L,Nonwoven,Hybrid,RefinedPulp,Barrier,SupplierD,0.225,218,11.38,2,Rectangular,0.29,10522
S,Composite,SuperAbsorbent,BleachedPulp,Softener,SupplierB,0.313,244,8.81,4,Rectangular,0.413,11434
XL,Airlaid,HighFlux,SoftPulp,OdorControl,SupplierC,0.259,229,8.44,4,Round,0.245,10666
XXL,Spunlace,SuperAbsorbent,SoftPulp,NoAdditives,SupplierD,0.295,204,7.05,3,Rectangular,0.246,10495
XXL,Nonwoven,Hybrid,SoftPulp,OdorControl,SupplierB,0.2,218,9.86,2,Oval,0.199,9960
XXL,Spunlace,SuperAbsorbent,SoftPulp,Softener,SupplierC,0.238,221,9.43,1,Round,0.228,10138
S,Spunlace,HighFlux,BleachedPulp,NoAdditives,SupplierD,0.21,225,9.82,2,Rectangular,0.32,10169
XXL,Nonwoven,Hybrid,BleachedPulp,NoAdditives,SupplierC,0.146,235,7.8,2,Round,0.169,9134
M,Composite,Hybrid,RefinedPulp,Softener,SupplierB,0.209,215,7.83,1,Round,0.283,9584
L,Nonwoven,SuperAbsorbent,RefinedPulp,Barrier,SupplierD,0.285,251,9.22,2,Oval,0.33,10908
XXL,Airlaid,HighFlux,BleachedPulp,Softener,SupplierC,0.23,219,9.16,3,Oval,0.233,10294
XL,Spunlace,SuperAbsorbent,RefinedPulp,Softener,SupplierB,0.203,222,9.0,4,Rectangular,0.253,10185
XL,Airlaid,Hybrid,SoftPulp,OdorControl,SupplierD,0.275,239,8.59,4,Oval,0.28,10910
XL,Airlaid,Hybrid,RefinedPulp,NoAdditives,SupplierB,0.26,198,10.04,3,Rectangular,0.253,10664
XXL,Nonwoven,Hybrid,SoftPulp,Softener,SupplierC,0.218,208,8.83,3,Rectangular,0.199,10054
S,Nonwoven,SuperAbsorbent,BleachedPulp,NoAdditives,SupplierD,0.25,227,10.37,4,Rectangular,0.359,10990
M,Nonwoven,HighFlux,RefinedPulp,Barrier,SupplierB,0.25,243,7.36,3,Oval,0.296,10340
XL,Spunlace,HighFlux,BleachedPulp,OdorControl,SupplierB,0.33,214,7.57,2,Oval,0.28,10847
XXL,Nonwoven,Hybrid,RefinedPulp,NoAdditives,SupplierB,0.186,200,8.09,2,Rectangular,0.176,9411
M,Spunlace,Hybrid,SoftPulp,Softener,SupplierB,0.241,242,7.5,4,Rectangular,0.288,10423
XL,Airlaid,SuperAbsorbent,SoftPulp,Barrier,SupplierB,0.266,245,7.78,3,Round,0.285,10563
L,Airlaid,SuperAbsorbent,SoftPulp,Softener,SupplierC,0.185,242,8.69,3,Oval,0.27,9916
XL,Composite,SuperAbsorbent,SoftPulp,OdorControl,SupplierA,0.181,197,9.16,2,Rectangular,0.247,9574
XXL,Airlaid,HighFlux,RefinedPulp,Softener,SupplierD,0.263,185,9.43,2,Rectangular,0.237,10351
XL,Airlaid,HighFlux,BleachedPulp,NoAdditives,SupplierC,0.268,235,7.73,3,Oval,0.258,10510
M,Composite,Hybrid,RefinedPulp,Barrier,SupplierD,0.253,206,7.39,1,Rectangular,0.342,9907
S,Spunlace,Hybrid,SoftPulp,Softener,SupplierA,0.257,180,8.6,2,Rectangular,0.3,10194
L,Spunlace,SuperAbsorbent,SoftPulp,Softener,SupplierC,0.274,212,8.14,3,Rectangular,0.29,10555
S,Spunlace,Hybrid,RefinedPulp,NoAdditives,SupplierD,0.257,227,9.02,1,Rectangular,0.336,10357
XL,Composite,SuperAbsorbent,BleachedPulp,Softener,SupplierD,0.278,235,7.38,3,Round,0.305,10566
M,Nonwoven,SuperAbsorbent,BleachedPulp,Softener,SupplierB,0.238,216,8.87,4,Rectangular,0.314,10522
XXL,Nonwoven,HighFlux,SoftPulp,NoAdditives,SupplierB,0.294,187,9.18,4,Oval,0.194,10914
M,Composite,HighFlux,BleachedPulp,NoAdditives,SupplierC,0.259,247,10.71,4,Round,0.32,11208
M,Composite,HighFlux,RefinedPulp,Barrier,SupplierB,0.252,246,8.66,3,Round,0.323,10617
XL,Spunlace,HighFlux,SoftPulp,OdorControl,SupplierB,0.222,259,7.6,4,Rectangular,0.236,10293
L,Composite,HighFlux,BleachedPulp,NoAdditives,SupplierB,0.265,185,8.9,1,Oval,0.271,10159
XL,Spunlace,SuperAbsorbent,SoftPulp,Softener,SupplierD,0.271,242,7.85,3,Round,0.266,10605
XXL,Nonwoven,SuperAbsorbent,RefinedPulp,NoAdditives,SupplierA,0.338,207,7.34,4,Round,0.231,11137
XL,Spunlace,HighFlux,BleachedPulp,NoAdditives,SupplierD,0.338,220,9.61,4,Rectangular,0.289,11622
XL,Airlaid,SuperAbsorbent,BleachedPulp,Barrier,SupplierB,0.203,207,9.85,4,Oval,0.287,10272
XL,Airlaid,HighFlux,BleachedPulp,NoAdditives,SupplierD,0.268,198,10.69,2,Round,0.253,10707
L,Composite,SuperAbsorbent,SoftPulp,OdorControl,SupplierD,0.223,228,10.21,3,Oval,0.312,10505
M,Nonwoven,HighFlux,BleachedPulp,NoAdditives,SupplierA,0.261,231,8.55,3,Rectangular,0.277,10601
S,Composite,HighFlux,SoftPulp,OdorControl,SupplierD,0.114,212,8.77,2,Oval,0.288,8959
S,Spunlace,Hybrid,BleachedPulp,OdorControl,SupplierC,0.259,214,10.43,4,Rectangular,0.364,11022
XL,Airlaid,HighFlux,RefinedPulp,Barrier,SupplierB,0.217,216,8.42,2,Oval,0.249,9882
XXL,Composite,SuperAbsorbent,RefinedPulp,Barrier,SupplierC,0.25,201,7.26,3,Oval,0.278,10081
XXL,Airlaid,HighFlux,RefinedPulp,Softener,SupplierA,0.271,199,9.48,2,Rectangular,0.225,10508
M,Composite,HighFlux,SoftPulp,NoAdditives,SupplierB,0.253,240,8.46,3,Rectangular,0.296,10555
XL,Airlaid,HighFlux,BleachedPulp,NoAdditives,SupplierB,0.214,215,8.27,2,Oval,0.227,9817
S,Nonwoven,SuperAbsorbent,RefinedPulp,Barrier,SupplierA,0.231,181,7.96,2,Round,0.313,9835
L,Spunlace,Hybrid,SoftPulp,NoAdditives,SupplierD,0.227,213,8.43,3,Oval,0.242,10130
XXL,Airlaid,HighFlux,BleachedPulp,NoAdditives,SupplierB,0.284,203,7.18,2,Rectangular,0.232,10245
XL,Composite,SuperAbsorbent,SoftPulp,OdorControl,SupplierB,0.216,211,7.65,2,Round,0.254,9721
XXL,Spunlace,HighFlux,SoftPulp,NoAdditives,SupplierC,0.217,224,9.15,2,Round,0.18,10025
S,Spunlace,SuperAbsorbent,RefinedPulp,Barrier,SupplierC,0.219,196,8.47,2,Rectangular,0.354,9889
XL,Composite,HighFlux,SoftPulp,NoAdditives,SupplierA,0.269,175,8.1,3,Round,0.207,10282
XXL,Airlaid,HighFlux,BleachedPulp,OdorControl,SupplierC,0.249,287,8.88,2,Oval,0.27,10625
M,Spunlace,Hybrid,RefinedPulp,NoAdditives,SupplierC,0.235,175,8.41,2,Round,0.259,9891
XL,Nonwoven,HighFlux,SoftPulp,OdorControl,SupplierC,0.286,206,8.37,2,Round,0.229,10502
XXL,Airlaid,HighFlux,BleachedPulp,OdorControl,SupplierD,0.327,211,10.52,3,Oval,0.29,11471
XXL,Composite,SuperAbsorbent,RefinedPulp,Barrier,SupplierD,0.264,229,8.93,1,Rectangular,0.309,10363
S,Composite,SuperAbsorbent,RefinedPulp,NoAdditives,SupplierD,0.226,241,8.45,2,Rectangular,0.366,10181
M,Spunlace,Hybrid,RefinedPulp,OdorControl,SupplierA,0.237,262,9.87,3,Rectangular,0.312,10763
L,Spunlace,Hybrid,SoftPulp,Barrier,SupplierC,0.288,210,6.63,2,Round,0.274,10255
XXL,Spunlace,Hybrid,RefinedPulp,OdorControl,SupplierB,0.318,213,8.23,2,Rectangular,0.263,10828
L,Spunlace,HighFlux,BleachedPulp,Softener,SupplierD,0.335,260,10.94,3,Rectangular,0.335,11899
M,Spunlace,HighFlux,SoftPulp,OdorControl,SupplierB,0.255,182,10.12,2,Round,0.271,10429
M,Spunlace,HighFlux,RefinedPulp,Softener,SupplierA,0.251,192,7.85,2,Round,0.253,10030
S,Composite,HighFlux,SoftPulp,NoAdditives,SupplierD,0.21,206,7.9,3,Oval,0.301,9878
XXL,Airlaid,Hybrid,BleachedPulp,OdorControl,SupplierD,0.185,225,9.84,2,Round,0.235,9852
XXL,Airlaid,Hybrid,SoftPulp,Softener,SupplierA,0.204,214,9.8,3,Rectangular,0.204,10123
XL,Composite,HighFlux,SoftPulp,OdorControl,SupplierD,0.213,232,7.29,3,Rectangular,0.253,9869
M,Composite,SuperAbsorbent,BleachedPulp,Barrier,SupplierC,0.26,212,7.58,2,Rectangular,0.372,10203
S,Nonwoven,HighFlux,SoftPulp,Barrier,SupplierA,0.267,250,7.8,3,Oval,0.317,10645
L,Airlaid,SuperAbsorbent,BleachedPulp,OdorControl,SupplierB,0.136,205,8.47,2,Oval,0.264,9058
XL,Airlaid,Hybrid,SoftPulp,Barrier,SupplierD,0.193,203,8.82,3,Round,0.237,9802
XL,Airlaid,Hybrid,RefinedPulp,OdorControl,SupplierD,0.128,166,7.83,3,Round,0.196,8789
XXL,Spunlace,HighFlux,BleachedPulp,Softener,SupplierA,0.103,207,7.92,4,Rectangular,0.154,8886
L,Spunlace,HighFlux,RefinedPulp,Barrier,SupplierB,0.221,229,8.66,1,Round,0.256,9892
M,Composite,SuperAbsorbent,SoftPulp,Barrier,SupplierD,0.278,225,9.06,6,Round,0.359,11308
XXL,Airlaid,Hybrid,RefinedPulp,OdorControl,SupplierA,0.136,263,8.18,3,Oval,0.2,9400
S,Spunlace,SuperAbsorbent,SoftPulp,OdorControl,SupplierD,0.238,209,7.87,3,Rectangular,0.348,10182
S,Composite,HighFlux,RefinedPulp,OdorControl,SupplierC,0.164,238,8.04,2,Oval,0.318,9460
XXL,Airlaid,Hybrid,SoftPulp,Barrier,SupplierA,0.217,251,7.91,3,Oval,0.228,10101
XXL,Spunlace,HighFlux,BleachedPulp,Softener,SupplierC,0.203,238,9.25,4,Oval,0.219,10282
L,Composite,HighFlux,RefinedPulp,NoAdditives,SupplierD,0.231,236,8.61,4,Rectangular,0.277,10471
L,Composite,HighFlux,SoftPulp,Softener,SupplierC,0.204,238,8.29,3,Oval,0.255,10002
XXL,Composite,SuperAbsorbent,SoftPulp,Softener,SupplierC,0.245,226,8.37,3,Round,0.248,10348
L,Airlaid,HighFlux,RefinedPulp,OdorControl,SupplierD,0.319,244,9.46,2,Oval,0.323,11245
XL,Airlaid,HighFlux,BleachedPulp,Barrier,SupplierD,0.196,243,9.46,4,Round,0.263,10297
M,Nonwoven,SuperAbsorbent,BleachedPulp,Softener,SupplierC,0.21,214,6.7,2,Rectangular,0.299,9542
S,Spunlace,SuperAbsorbent,RefinedPulp,NoAdditives,SupplierA,0.29,208,9.2,3,Round,0.329,10930
XL,Nonwoven,SuperAbsorbent,RefinedPulp,NoAdditives,SupplierA,0.256,191,8.59,1,Oval,0.228,10030
XXL,Spunlace,SuperAbsorbent,BleachedPulp,Barrier,SupplierC,0.231,179,9.83,3,Round,0.254,10239
M,Airlaid,Hybrid,BleachedPulp,Softener,SupplierB,0.263,258,7.46,4,Rectangular,0.331,10724
M,Nonwoven,SuperAbsorbent,BleachedPulp,OdorControl,SupplierC,0.287,214,9.75,2,Oval,0.347,10862
XL,Airlaid,HighFlux,RefinedPulp,Softener,SupplierB,0.199,204,7.92,2,Rectangular,0.221,9549
XXL,Composite,HighFlux,BleachedPulp,Barrier,SupplierC,0.301,213,8.89,2,Oval,0.289,10782
XL,Spunlace,SuperAbsorbent,RefinedPulp,OdorControl,SupplierC,0.149,226,6.4,3,Oval,0.232,9049
L,Spunlace,Hybrid,SoftPulp,NoAdditives,SupplierB,0.172,269,9.5,3,Oval,0.232,10051
L,Composite,HighFlux,SoftPulp,Barrier,SupplierD,0.303,198,9.1,3,Oval,0.311,10942
S,Composite,Hybrid,BleachedPulp,Softener,SupplierA,0.253,251,9.31,3,Rectangular,0.363,10798
L,Spunlace,Hybrid,BleachedPulp,Barrier,SupplierD,0.157,195,8.37,3,Round,0.249,9338
M,Composite,Hybrid,SoftPulp,OdorControl,SupplierA,0.183,280,10.17,3,Oval,0.302,10370
M,Airlaid,Hybrid,BleachedPulp,OdorControl,SupplierD,0.244,214,7.45,3,Round,0.316,10163
S,Spunlace,SuperAbsorbent,RefinedPulp,NoAdditives,SupplierD,0.253,188,8.87,3,Rectangular,0.342,10405
XL,Airlaid,HighFlux,BleachedPulp,Barrier,SupplierB,0.145,198,8.05,4,Oval,0.224,9308
S,Spunlace,SuperAbsorbent,BleachedPulp,NoAdditives,SupplierB,0.268,186,9.03,1,Round,0.333,10273
L,Airlaid,SuperAbsorbent,BleachedPulp,Barrier,SupplierA,0.294,208,8.4,4,Round,0.318,10940
S,Spunlace,SuperAbsorbent,RefinedPulp,Softener,SupplierC,0.176,185,7.86,4,Oval,0.306,9589
L,Composite,Hybrid,RefinedPulp,NoAdditives,SupplierC,0.164,160,8.0,3,Round,0.215,9164
M,Nonwoven,Hybrid,RefinedPulp,NoAdditives,SupplierD,0.3,208,8.05,4,Round,0.289,10938
M,Airlaid,Hybrid,SoftPulp,NoAdditives,SupplierB,0.147,210,8.71,3,Oval,0.241,9391
XL,Spunlace,HighFlux,SoftPulp,Softener,SupplierD,0.215,220,5.76,2,Rectangular,0.214,9396
S,Spunlace,Hybrid,RefinedPulp,OdorControl,SupplierC,0.263,195,8.56,3,Round,0.327,10476
S,Nonwoven,Hybrid,RefinedPulp,OdorControl,SupplierB,0.223,224,7.44,3,Oval,0.31,10017
S,Spunlace,SuperAbsorbent,SoftPulp,Barrier,SupplierC,0.271,223,7.85,3,Round,0.356,10577
M,Airlaid,HighFlux,SoftPulp,Barrier,SupplierB,0.276,168,9.77,2,Round,0.294,10511
S,Composite,HighFlux,BleachedPulp,Softener,SupplierC,0.261,249,6.99,2,Round,0.346,10294
M,Spunlace,Hybrid,SoftPulp,OdorControl,SupplierA,0.226,200,10.41,2,Round,0.266,10285
L,Spunlace,HighFlux,BleachedPulp,NoAdditives,SupplierB,0.212,225,7.18,2,Oval,0.235,9664
M,Airlaid,HighFlux,BleachedPulp,OdorControl,SupplierD,0.256,211,8.4,2,Rectangular,0.328,10286
M,Nonwoven,HighFlux,RefinedPulp,OdorControl,SupplierB,0.164,228,10.43,3,Oval,0.26,9956
S,Composite,HighFlux,RefinedPulp,OdorControl,SupplierD,0.251,237,7.1,4,Round,0.344,10454
XXL,Spunlace,HighFlux,RefinedPulp,OdorControl,SupplierD,0.25,260,7.69,4,Oval,0.243,10581
XXL,Spunlace,SuperAbsorbent,BleachedPulp,Softener,SupplierD,0.279,233,8.76,3,Oval,0.281,10794
L,Airlaid,Hybrid,SoftPulp,Barrier,SupplierB,0.3,223,6.34,2,Round,0.286,10390
XXL,Airlaid,HighFlux,SoftPulp,OdorControl,SupplierA,0.231,227,8.44,4,Rectangular,0.213,10360
XXL,Composite,SuperAbsorbent,BleachedPulp,Barrier,SupplierB,0.142,223,6.5,3,Rectangular,0.249,8977
L,Airlaid,Hybrid,BleachedPulp,OdorControl,SupplierA,0.235,230,7.55,4,Round,0.267,10294
XXL,Nonwoven,SuperAbsorbent,SoftPulp,Softener,SupplierA,0.292,234,8.36,3,Round,0.224,10845
S,Composite,SuperAbsorbent,SoftPulp,NoAdditives,SupplierD,0.205,241,10.31,4,Rectangular,0.355,10603
XL,Airlaid,SuperAbsorbent,RefinedPulp,Softener,SupplierA,0.204,229,7.08,3,Round,0.233,9734
M,Composite,SuperAbsorbent,RefinedPulp,NoAdditives,SupplierC,0.263,173,7.22,2,Rectangular,0.32,9965
XL,Airlaid,HighFlux,SoftPulp,OdorControl,SupplierA,0.225,189,8.93,3,Rectangular,0.221,10064
S,Airlaid,SuperAbsorbent,SoftPulp,NoAdditives,SupplierA,0.23,201,9.65,4,Rectangular,0.32,10529
M,Composite,SuperAbsorbent,SoftPulp,Softener,SupplierB,0.216,204,9.04,2,Rectangular,0.313,9976
XXL,Composite,HighFlux,SoftPulp,OdorControl,SupplierD,0.233,238,6.4,4,Rectangular,0.239,10073
XL,Nonwoven,SuperAbsorbent,SoftPulp,Barrier,SupplierC,0.244,209,8.4,3,Rectangular,0.268,10272
M,Composite,Hybrid,RefinedPulp,OdorControl,SupplierC,0.153,257,8.55,3,Oval,0.302,9667
XL,Airlaid,HighFlux,SoftPulp,Softener,SupplierD,0.288,194,9.02,2,Rectangular,0.258,10586
L,Airlaid,Hybrid,RefinedPulp,Barrier,SupplierA,0.282,166,8.39,2,Rectangular,0.285,10297
S,Airlaid,HighFlux,SoftPulp,Softener,SupplierC,0.262,231,7.72,2,Round,0.314,10338
L,Spunlace,SuperAbsorbent,RefinedPulp,NoAdditives,SupplierC,0.234,197,9.43,2,Rectangular,0.274,10162
XXL,Spunlace,SuperAbsorbent,SoftPulp,Barrier,SupplierC,0.1,210,7.36,1,Round,0.181,8334
M,Airlaid,Hybrid,BleachedPulp,Softener,SupplierB,0.178,222,9.96,3,Oval,0.292,9993
L,Nonwoven,HighFlux,RefinedPulp,Softener,SupplierA,0.21,231,8.0,2,Rectangular,0.224,9817
L,Composite,SuperAbsorbent,RefinedPulp,NoAdditives,SupplierC,0.182,176,8.07,3,Round,0.247,9446
XXL,Composite,SuperAbsorbent,SoftPulp,OdorControl,SupplierC,0.235,209,7.46,3,Oval,0.256,10003
XL,Nonwoven,SuperAbsorbent,BleachedPulp,NoAdditives,SupplierD,0.174,239,7.4,2,Round,0.225,9389
L,Nonwoven,Hybrid,BleachedPulp,Softener,SupplierC,0.167,207,9.57,3,Rectangular,0.241,9709
M,Spunlace,SuperAbsorbent,BleachedPulp,Barrier,SupplierD,0.289,233,7.29,2,Rectangular,0.374,10540
XXL,Nonwoven,SuperAbsorbent,RefinedPulp,OdorControl,SupplierD,0.201,253,7.18,3,Round,0.229,9825
M,Airlaid,SuperAbsorbent,RefinedPulp,NoAdditives,SupplierD,0.285,265,8.05,3,Oval,0.35,10941
S,Composite,HighFlux,RefinedPulp,Softener,SupplierB,0.354,204,6.81,1,Oval,0.364,10816
XXL,Spunlace,Hybrid,RefinedPulp,Softener,SupplierB,0.276,172,8.09,3,Round,0.208,10323
S,Airlaid,Hybrid,RefinedPulp,NoAdditives,SupplierA,0.249,230,8.74,4,Rectangular,0.323,10692
XL,Composite,Hybrid,RefinedPulp,Softener,SupplierC,0.192,203,7.65,3,Oval,0.237,9583
XXL,Nonwoven,Hybrid,SoftPulp,OdorControl,SupplierD,0.285,231,9.8,2,Rectangular,0.251,10866
M,Composite,SuperAbsorbent,SoftPulp,Softener,SupplierC,0.323,258,9.31,4,Round,0.363,11663
S,Nonwoven,HighFlux,SoftPulp,Softener,SupplierB,0.157,206,7.69,3,Oval,0.249,9302
S,Airlaid,HighFlux,SoftPulp,OdorControl,SupplierD,0.187,238,10.01,3,Oval,0.32,10189
S,Airlaid,SuperAbsorbent,BleachedPulp,Softener,SupplierB,0.254,195,7.57,4,Rectangular,0.359,10373
XXL,Airlaid,HighFlux,RefinedPulp,Softener,SupplierA,0.279,219,8.04,1,Oval,0.223,10278
XXL,Nonwoven,Hybrid,SoftPulp,NoAdditives,SupplierC,0.186,267,7.09,3,Round,0.172,9712
XXL,Airlaid,SuperAbsorbent,RefinedPulp,NoAdditives,SupplierA,0.29,188,8.7,3,Oval,0.241,10664
L,Airlaid,SuperAbsorbent,SoftPulp,OdorControl,SupplierD,0.241,291,6.66,4,Round,0.304,10507
XL,Nonwoven,Hybrid,RefinedPulp,NoAdditives,SupplierB,0.231,239,8.99,2,Round,0.214,10231
XXL,Composite,HighFlux,BleachedPulp,NoAdditives,SupplierA,0.251,173,9.16,3,Round,0.203,10271
XXL,Airlaid,Hybrid,RefinedPulp,Barrier,SupplierB,0.272,246,8.9,3,Round,0.262,10806
L,Airlaid,Hybrid,BleachedPulp,OdorControl,SupplierB,0.196,202,9.81,4,Rectangular,0.277,10175
L,Nonwoven,HighFlux,RefinedPulp,Barrier,SupplierA,0.228,221,7.5,4,Rectangular,0.247,10161
L,Spunlace,SuperAbsorbent,RefinedPulp,Barrier,SupplierB,0.273,268,7.53,2,Round,0.314,10569
XL,Spunlace,Hybrid,SoftPulp,Softener,SupplierD,0.252,236,8.26,2,Oval,0.249,10300
XXL,Airlaid,Hybrid,BleachedPulp,Softener,SupplierB,0.284,238,7.49,4,Rectangular,0.264,10783
M,Spunlace,SuperAbsorbent,RefinedPulp,Softener,SupplierD,0.299,223,8.59,3,Round,0.335,10966
XXL,Spunlace,Hybrid,SoftPulp,NoAdditives,SupplierB,0.197,220,6.13,3,Oval,0.173,9418
M,Nonwoven,Hybrid,RefinedPulp,Barrier,SupplierC,0.162,257,8.14,3,Oval,0.283,9676
L,Spunlace,SuperAbsorbent,SoftPulp,Softener,SupplierB,0.209,212,10.06,1,Round,0.251,9948
XXL,Airlaid,HighFlux,BleachedPulp,Softener,SupplierB,0.304,228,7.17,2,Round,0.243,10568
S,Airlaid,SuperAbsorbent,BleachedPulp,Barrier,SupplierB,0.324,196,7.23,4,Rectangular,0.406,11020
XXL,Composite,HighFlux,BleachedPulp,OdorControl,SupplierB,0.257,196,8.74,2,Oval,0.251,10227
XL,Composite,SuperAbsorbent,SoftPulp,Softener,SupplierB,0.295,246,9.09,3,Round,0.292,11093
XL,Nonwoven,Hybrid,RefinedPulp,Softener,SupplierB,0.328,219,7.2,3,Round,0.25,10931
S,Spunlace,Hybrid,BleachedPulp,Barrier,SupplierC,0.344,194,8.1,3,Oval,0.387,11204
M,Composite,Hybrid,SoftPulp,Barrier,SupplierC,0.237,195,9.73,5,Oval,0.321,10709
XXL,Nonwoven,HighFlux,SoftPulp,Barrier,SupplierD,0.25,197,6.8,3,Round,0.2,9951
M,Composite,HighFlux,SoftPulp,Barrier,SupplierA,0.295,231,8.5,2,Round,0.315,10790
L,Composite,Hybrid,RefinedPulp,OdorControl,SupplierD,0.185,240,9.51,1,Round,0.278,9750
XL,Airlaid,HighFlux,SoftPulp,Softener,SupplierD,0.319,234,10.04,2,Rectangular,0.287,11279
XL,Nonwoven,HighFlux,BleachedPulp,NoAdditives,SupplierB,0.172,216,9.05,4,Rectangular,0.199,9837
XXL,Spunlace,Hybrid,RefinedPulp,OdorControl,SupplierD,0.275,213,7.37,4,Round,0.237,10542
M,Composite,HighFlux,BleachedPulp,Softener,SupplierD,0.192,260,8.19,4,Round,0.302,10152
L,Airlaid,HighFlux,BleachedPulp,Softener,SupplierA,0.274,216,7.93,2,Round,0.26,10376
S,Composite,HighFlux,RefinedPulp,NoAdditives,SupplierD,0.261,221,7.85,3,Rectangular,0.341,10458
XXL,Spunlace,Hybrid,BleachedPulp,Barrier,SupplierA,0.244,166,9.0,2,Round,0.217,9992
L,Spunlace,SuperAbsorbent,SoftPulp,Softener,SupplierA,0.182,177,6.53,2,Oval,0.216,9017
L,Airlaid,HighFlux,RefinedPulp,OdorControl,SupplierB,0.205,268,7.92,3,Round,0.258,10095
M,Spunlace,SuperAbsorbent,BleachedPulp,OdorControl,SupplierA,0.26,223,8.41,2,Oval,0.329,10397
XL,Composite,HighFlux,SoftPulp,Barrier,SupplierB,0.313,265,6.65,2,Round,0.285,10768
XXL,Composite,Hybrid,RefinedPulp,Barrier,SupplierA,0.226,195,9.06,2,Rectangular,0.244,9974
XXL,Nonwoven,SuperAbsorbent,BleachedPulp,OdorControl,SupplierB,0.348,249,8.73,4,Round,0.293,11705
M,Spunlace,SuperAbsorbent,BleachedPulp,OdorControl,SupplierA,0.295,205,7.6,3,Round,0.324,10660
S,Airlaid,Hybrid,SoftPulp,NoAdditives,SupplierA,0.283,223,6.77,2,Oval,0.311,10340
M,Spunlace,HighFlux,RefinedPulp,Softener,SupplierD,0.236,218,10.67,2,Rectangular,0.301,10522
XXL,Airlaid,SuperAbsorbent,SoftPulp,OdorControl,SupplierC,0.265,257,11.0,2,Oval,0.286,11027
XL,Nonwoven,Hybrid,BleachedPulp,NoAdditives,SupplierC,0.265,234,8.72,3,Oval,0.25,10652
M,Nonwoven,HighFlux,RefinedPulp,OdorControl,SupplierD,0.262,160,9.25,3,Rectangular,0.289,10386
M,Spunlace,HighFlux,SoftPulp,NoAdditives,SupplierA,0.229,271,7.76,2,Oval,0.258,10186
XXL,Airlaid,Hybrid,BleachedPulp,OdorControl,SupplierC,0.34,199,7.89,3,Rectangular,0.291,11073
XXL,Airlaid,SuperAbsorbent,BleachedPulp,Barrier,SupplierD,0.282,225,7.08,2,Oval,0.303,10339
M,Spunlace,HighFlux,RefinedPulp,Softener,SupplierA,0.21,218,8.97,3,Round,0.249,10102
S,Composite,HighFlux,SoftPulp,Softener,SupplierD,0.151,246,8.78,4,Oval,0.303,9799
S,Airlaid,Hybrid,BleachedPulp,Softener,SupplierA,0.262,247,9.01,4,Rectangular,0.354,10961
M,Airlaid,Hybrid,SoftPulp,OdorControl,SupplierC,0.266,217,11.0,3,Rectangular,0.33,11034
XXL,Airlaid,SuperAbsorbent,SoftPulp,OdorControl,SupplierC,0.269,188,7.08,3,Oval,0.251,10166
XXL,Nonwoven,SuperAbsorbent,SoftPulp,OdorControl,SupplierC,0.247,204,8.66,4,Rectangular,0.239,10455
XL,Composite,SuperAbsorbent,BleachedPulp,Softener,SupplierD,0.275,191,8.38,2,Round,0.295,10346
XL,Airlaid,Hybrid,RefinedPulp,NoAdditives,SupplierC,0.221,209,7.97,2,Rectangular,0.237,9807
L,Nonwoven,SuperAbsorbent,BleachedPulp,OdorControl,SupplierC,0.234,205,5.28,4,Round,0.265,9757
M,Airlaid,SuperAbsorbent,RefinedPulp,Barrier,SupplierB,0.294,210,8.52,2,Rectangular,0.364,10696
XXL,Composite,SuperAbsorbent,BleachedPulp,NoAdditives,SupplierC,0.325,267,8.67,4,Rectangular,0.319,11562
L,Nonwoven,Hybrid,RefinedPulp,NoAdditives,SupplierD,0.249,186,8.05,3,Round,0.232,10144
L,Composite,Hybrid,SoftPulp,OdorControl,SupplierB,0.217,214,8.4,3,Round,0.259,10037
L,Nonwoven,SuperAbsorbent,SoftPulp,Barrier,SupplierA,0.243,193,7.71,2,Oval,0.26,9921
XXL,Spunlace,SuperAbsorbent,RefinedPulp,Barrier,SupplierC,0.289,167,9.77,4,Oval,0.274,10897
M,Nonwoven,HighFlux,BleachedPulp,Softener,SupplierB,0.225,160,8.1,3,Rectangular,0.259,9808
S,Composite,Hybrid,BleachedPulp,NoAdditives,SupplierA,0.189,207,10.18,3,Oval,0.312,10091
S,Nonwoven,Hybrid,RefinedPulp,NoAdditives,SupplierA,0.194,180,8.14,3,Rectangular,0.263,9628
L,Nonwoven,HighFlux,RefinedPulp,Softener,SupplierC,0.265,206,9.06,4,Round,0.243,10733
M,Airlaid,Hybrid,BleachedPulp,OdorControl,SupplierD,0.281,218,8.3,2,Rectangular,0.35,10558
S,Airlaid,SuperAbsorbent,SoftPulp,OdorControl,SupplierA,0.299,204,8.55,3,Round,0.349,10888
XXL,Nonwoven,SuperAbsorbent,BleachedPulp,OdorControl,SupplierC,0.215,185,8.86,3,Oval,0.236,9931
M,Airlaid,HighFlux,SoftPulp,Softener,SupplierA,0.265,206,9.84,2,Oval,0.281,10600
XXL,Airlaid,HighFlux,RefinedPulp,NoAdditives,SupplierB,0.326,176,8.98,3,Round,0.223,11000
XL,Nonwoven,SuperAbsorbent,RefinedPulp,NoAdditives,SupplierA,0.2,230,9.91,1,Oval,0.223,9902
XL,Spunlace,HighFlux,BleachedPulp,Barrier,SupplierC,0.265,160,7.44,4,Oval,0.253,10206
L,Spunlace,HighFlux,BleachedPulp,NoAdditives,SupplierD,0.211,190,8.28,4,Rectangular,0.244,9979
M,Nonwoven,HighFlux,RefinedPulp,NoAdditives,SupplierD,0.148,193,10.15,4,Oval,0.232,9718
XL,Composite,SuperAbsorbent,SoftPulp,Softener,SupplierC,0.235,189,10.81,4,Oval,0.273,10670
XL,Spunlace,HighFlux,BleachedPulp,OdorControl,SupplierC,0.274,199,8.45,3,Oval,0.262,10521
XL,Nonwoven,SuperAbsorbent,RefinedPulp,NoAdditives,SupplierC,0.257,256,9.47,2,Oval,0.266,10675
XL,Spunlace,Hybrid,RefinedPulp,Softener,SupplierA,0.309,227,9.26,4,Oval,0.263,11305
S,Airlaid,HighFlux,BleachedPulp,NoAdditives,SupplierC,0.184,219,7.92,1,Rectangular,0.305,9389
XL,Composite,HighFlux,RefinedPulp,Softener,SupplierB,0.257,282,6.48,3,Rectangular,0.272,10413
M,Composite,Hybrid,SoftPulp,OdorControl,SupplierB,0.272,223,8.38,2,Rectangular,0.328,10504
XXL,Composite,Hybrid,BleachedPulp,OdorControl,SupplierB,0.252,201,6.09,4,Round,0.239,10029
S,Composite,SuperAbsorbent,BleachedPulp,Barrier,SupplierC,0.288,221,8.75,4,Rectangular,0.421,11063
S,Composite,SuperAbsorbent,RefinedPulp,Barrier,SupplierA,0.251,242,8.17,4,Rectangular,0.385,10689
S,Composite,Hybrid,RefinedPulp,NoAdditives,SupplierA,0.256,224,7.1,3,Round,0.312,10288
M,Nonwoven,SuperAbsorbent,BleachedPulp,Softener,SupplierD,0.198,204,7.6,2,Rectangular,0.3,9534
L,Composite,HighFlux,BleachedPulp,Barrier,SupplierB,0.346,253,10.61,2,Round,0.351,11772
L,Airlaid,HighFlux,BleachedPulp,OdorControl,SupplierD,0.244,187,7.73,2,Rectangular,0.284,9902
L,Nonwoven,HighFlux,SoftPulp,Barrier,SupplierB,0.302,210,9.68,3,Oval,0.277,11087
S,Airlaid,HighFlux,SoftPulp,NoAdditives,SupplierC,0.355,183,9.89,4,Round,0.335,11716
L,Nonwoven,SuperAbsorbent,RefinedPulp,Barrier,SupplierC,0.191,245,8.87,3,Rectangular,0.289,10025
XL,Composite,Hybrid,RefinedPulp,Softener,SupplierB,0.199,202,10.75,3,Oval,0.247,10206
M,Spunlace,HighFlux,RefinedPulp,OdorControl,SupplierD,0.279,200,7.64,4,Round,0.296,10617
L,Spunlace,SuperAbsorbent,SoftPulp,NoAdditives,SupplierA,0.173,209,8.54,3,Round,0.21,9596
XL,Composite,SuperAbsorbent,SoftPulp,Softener,SupplierD,0.231,229,9.26,3,Oval,0.282,10401
XXL,Composite,HighFlux,SoftPulp,Barrier,SupplierD,0.191,212,9.81,3,Rectangular,0.238,9989
XL,Composite,Hybrid,SoftPulp,Softener,SupplierD,0.171,228,6.32,3,Rectangular,0.231,9258
S,Composite,HighFlux,SoftPulp,OdorControl,SupplierD,0.335,196,7.58,3,Rectangular,0.372,11026
XXL,Airlaid,SuperAbsorbent,SoftPulp,Barrier,SupplierC,0.163,204,9.16,2,Round,0.222,9411
XXL,Composite,HighFlux,SoftPulp,Softener,SupplierC,0.228,238,8.96,3,Oval,0.227,10331
XXL,Nonwoven,HighFlux,BleachedPulp,NoAdditives,SupplierB,0.223,229,8.36,3,Oval,0.195,10121
S,Airlaid,HighFlux,SoftPulp,OdorControl,SupplierA,0.215,215,7.41,3,Oval,0.294,9884
XL,Composite,HighFlux,BleachedPulp,OdorControl,SupplierD,0.199,192,8.78,3,Oval,0.256,9802
L,Airlaid,SuperAbsorbent,SoftPulp,OdorControl,SupplierC,0.279,209,8.95,3,Round,0.299,10738
XL,Spunlace,HighFlux,SoftPulp,OdorControl,SupplierA,0.262,199,8.66,3,Oval,0.223,10432
XL,Nonwoven,SuperAbsorbent,BleachedPulp,NoAdditives,SupplierC,0.24,167,8.68,4,Oval,0.24,10220
M,Airlaid,Hybrid,RefinedPulp,NoAdditives,SupplierA,0.222,201,8.91,3,Rectangular,0.274,10134
M,Spunlace,HighFlux,RefinedPulp,OdorControl,SupplierB,0.3,188,9.3,3,Oval,0.308,10916
M,Composite,SuperAbsorbent,BleachedPulp,NoAdditives,SupplierC,0.233,228,9.63,3,Round,0.329,10524
M,Spunlace,Hybrid,RefinedPulp,Barrier,SupplierB,0.183,240,8.43,3,Rectangular,0.298,9857
XL,Spunlace,SuperAbsorbent,BleachedPulp,OdorControl,SupplierA,0.244,216,9.81,3,Rectangular,0.281,10565
L,Nonwoven,SuperAbsorbent,SoftPulp,Barrier,SupplierD,0.184,210,8.7,4,Oval,0.265,9896
L,Composite,HighFlux,BleachedPulp,Softener,SupplierD,0.27,198,11.23,3,Rectangular,0.311,10998
XL,Composite,Hybrid,SoftPulp,Barrier,SupplierA,0.304,216,9.09,3,Oval,0.287,11027
XL,Composite,HighFlux,RefinedPulp,NoAdditives,SupplierA,0.301,246,9.46,2,Rectangular,0.271,11056
L,Composite,HighFlux,BleachedPulp,OdorControl,SupplierC,0.211,228,9.53,3,Oval,0.29,10252
L,Nonwoven,Hybrid,BleachedPulp,Barrier,SupplierD,0.293,256,7.49,2,Rectangular,0.323,10694
M,Spunlace,HighFlux,RefinedPulp,Softener,SupplierC,0.233,227,7.92,4,Rectangular,0.287,10342
S,Nonwoven,SuperAbsorbent,SoftPulp,Barrier,SupplierA,0.261,220,6.92,2,Rectangular,0.337,10142
S,Composite,Hybrid,SoftPulp,OdorControl,SupplierC,0.254,166,9.61,3,Round,0.329,10433
S,Nonwoven,HighFlux,SoftPulp,NoAdditives,SupplierB,0.4,277,8.3,3,Rectangular,0.365,12196
S,Nonwoven,SuperAbsorbent,BleachedPulp,Softener,SupplierD,0.29,262,6.7,1,Rectangular,0.38,10456
XXL,Spunlace,SuperAbsorbent,BleachedPulp,Softener,SupplierC,0.209,234,9.05,4,Oval,0.249,10301
XL,Nonwoven,HighFlux,RefinedPulp,OdorControl,SupplierD,0.18,162,9.44,2,Rectangular,0.207,9420
L,Airlaid,SuperAbsorbent,SoftPulp,OdorControl,SupplierA,0.139,223,9.37,3,Oval,0.244,9484
XL,Airlaid,SuperAbsorbent,RefinedPulp,OdorControl,SupplierB,0.217,216,8.09,2,Oval,0.268,9836
S,Composite,SuperAbsorbent,BleachedPulp,Barrier,SupplierB,0.204,233,8.85,3,Rectangular,0.386,10150
XL,Nonwoven,SuperAbsorbent,BleachedPulp,Barrier,SupplierB,0.19,215,6.11,3,Rectangular,0.254,9354
S,Composite,HighFlux,RefinedPulp,NoAdditives,SupplierA,0.311,183,7.86,3,Round,0.315,10765
S,Airlaid,Hybrid,SoftPulp,Barrier,SupplierB,0.303,208,7.74,1,Rectangular,0.364,10497
S,Nonwoven,HighFlux,RefinedPulp,OdorControl,SupplierB,0.245,271,8.81,3,Rectangular,0.334,10714
L,Composite,HighFlux,SoftPulp,Barrier,SupplierD,0.256,219,7.61,3,Oval,0.293,10309
XL,Nonwoven,HighFlux,SoftPulp,NoAdditives,SupplierD,0.251,220,7.43,4,Rectangular,0.215,10352
XL,Nonwoven,HighFlux,BleachedPulp,OdorControl,SupplierC,0.273,206,9.6,2,Rectangular,0.263,10601
L,Composite,SuperAbsorbent,BleachedPulp,NoAdditives,SupplierC,0.201,201,6.55,3,Rectangular,0.281,9493
L,Nonwoven,Hybrid,RefinedPulp,Softener,SupplierB,0.148,189,6.22,3,Rectangular,0.2,8823
S,Composite,HighFlux,SoftPulp,OdorControl,SupplierD,0.232,211,7.35,2,Round,0.32,9877
L,Composite,SuperAbsorbent,BleachedPulp,Barrier,SupplierB,0.263,206,8.85,2,Round,0.326,10405
S,Spunlace,SuperAbsorbent,BleachedPulp,Softener,SupplierD,0.249,252,9.14,2,Oval,0.376,10588
S,Airlaid,Hybrid,BleachedPulp,Barrier,SupplierA,0.253,213,8.51,2,Round,0.343,10312
L,Nonwoven,Hybrid,BleachedPulp,NoAdditives,SupplierD,0.232,225,7.41,2,Round,0.244,9907
M,Composite,HighFlux,BleachedPulp,Softener,SupplierB,0.171,179,7.16,3,Round,0.255,9200
S,Spunlace,Hybrid,BleachedPulp,NoAdditives,SupplierD,0.195,232,8.54,1,Rectangular,0.321,9678
S,Spunlace,HighFlux,BleachedPulp,Softener,SupplierA,0.273,240,7.41,3,Round,0.315,10587
S,Airlaid,SuperAbsorbent,RefinedPulp,Softener,SupplierA,0.197,222,7.11,1,Round,0.308,9399
S,Composite,HighFlux,BleachedPulp,Softener,SupplierA,0.221,216,8.06,2,Round,0.309,9920
XL,Airlaid,HighFlux,BleachedPulp,Barrier,SupplierC,0.22,226,8.45,3,Round,0.259,10119
XXL,Spunlace,Hybrid,SoftPulp,NoAdditives,SupplierB,0.206,249,7.21,3,Oval,0.19,9847
S,Nonwoven,Hybrid,SoftPulp,Barrier,SupplierB,0.299,232,8.28,2,Rectangular,0.351,10818
L,Spunlace,Hybrid,SoftPulp,NoAdditives,SupplierB,0.292,184,7.43,2,Round,0.236,10302
XXL,Composite,SuperAbsorbent,SoftPulp,Barrier,SupplierA,0.302,229,7.44,2,Round,0.273,10618
S,Spunlace,SuperAbsorbent,BleachedPulp,OdorControl,SupplierD,0.209,202,9.58,2,Rectangular,0.362,10020
XL,Spunlace,SuperAbsorbent,SoftPulp,OdorControl,SupplierD,0.32,240,9.7,2,Oval,0.313,11271
M,Spunlace,HighFlux,BleachedPulp,NoAdditives,SupplierB,0.233,184,7.92,3,Rectangular,0.269,9977
XL,Nonwoven,HighFlux,RefinedPulp,OdorControl,SupplierD,0.305,192,8.1,3,Round,0.246,10726
XXL,Spunlace,SuperAbsorbent,SoftPulp,NoAdditives,SupplierC,0.17,234,7.7,3,Rectangular,0.203,9512
XXL,Spunlace,Hybrid,BleachedPulp,Softener,SupplierC,0.217,200,8.49,3,Round,0.21,9948
M,Nonwoven,SuperAbsorbent,BleachedPulp,Barrier,SupplierD,0.221,201,8.85,4,Round,0.318,10276
M,Nonwoven,SuperAbsorbent,BleachedPulp,OdorControl,SupplierC,0.247,244,6.97,3,Round,0.319,10260
XL,Airlaid,Hybrid,BleachedPulp,Barrier,SupplierA,0.185,183,7.69,4,Round,0.224,9571
S,Spunlace,SuperAbsorbent,SoftPulp,Barrier,SupplierA,0.288,226,6.81,3,Round,0.344,10573
M,Composite,HighFlux,BleachedPulp,OdorControl,SupplierD,0.255,224,6.47,2,Round,0.319,9994
L,Spunlace,SuperAbsorbent,RefinedPulp,Softener,SupplierA,0.237,233,6.08,3,Round,0.253,9917
XL,Spunlace,Hybrid,SoftPulp,NoAdditives,SupplierD,0.247,241,9.26,3,Rectangular,0.247,10604
XL,Nonwoven,Hybrid,SoftPulp,Softener,SupplierD,0.2,172,8.07,4,Round,0.188,9722
XL,Airlaid,SuperAbsorbent,RefinedPulp,Softener,SupplierC,0.31,237,8.97,3,Oval,0.31,11178
M,Airlaid,SuperAbsorbent,SoftPulp,NoAdditives,SupplierC,0.212,216,10.34,2,Round,0.29,10224
S,Composite,Hybrid,RefinedPulp,Softener,SupplierC,0.321,211,9.96,2,Round,0.371,11242
L,Spunlace,HighFlux,BleachedPulp,Softener,SupplierB,0.269,201,6.94,3,Round,0.25,10221
XL,Composite,SuperAbsorbent,BleachedPulp,Barrier,SupplierD,0.29,198,6.85,3,Oval,0.327,10411
S,Composite,HighFlux,SoftPulp,Softener,SupplierC,0.236,233,9.54,3,Oval,0.331,10570
XXL,Spunlace,HighFlux,SoftPulp,NoAdditives,SupplierD,0.333,225,8.12,1,Round,0.227,10856
S,Composite,HighFlux,BleachedPulp,NoAdditives,SupplierD,0.227,211,9.56,3,Rectangular,0.341,10378
XL,Composite,HighFlux,SoftPulp,Barrier,SupplierD,0.181,224,9.24,4,Round,0.241,10010
S,Nonwoven,HighFlux,BleachedPulp,Barrier,SupplierB,0.284,239,8.57,3,Round,0.344,10903
L,Airlaid,SuperAbsorbent,BleachedPulp,NoAdditives,SupplierA,0.302,186,8.12,2,Oval,0.293,10555
L,Spunlace,HighFlux,RefinedPulp,NoAdditives,SupplierD,0.259,250,7.84,1,Oval,0.264,10226
M,Composite,SuperAbsorbent,RefinedPulp,Barrier,SupplierA,0.219,242,9.09,3,Rectangular,0.346,10360
S,Composite,HighFlux,RefinedPulp,NoAdditives,SupplierC,0.226,188,9.07,2,Oval,0.312,10011
L,Spunlace,HighFlux,SoftPulp,OdorControl,SupplierA,0.349,234,7.86,2,Rectangular,0.29,11200
L,Nonwoven,SuperAbsorbent,RefinedPulp,OdorControl,SupplierD,0.235,214,9.73,3,Rectangular,0.296,10463
S,Airlaid,Hybrid,SoftPulp,NoAdditives,SupplierB,0.203,267,8.55,3,Round,0.3,10230
L,Spunlace,HighFlux,SoftPulp,Barrier,SupplierB,0.21,229,8.84,1,Rectangular,0.257,9814
M,Airlaid,Hybrid,RefinedPulp,Barrier,SupplierC,0.341,252,8.06,2,Round,0.363,11282
S,Airlaid,Hybrid,RefinedPulp,Barrier,SupplierA,0.257,222,8.89,3,Oval,0.349,10615
XXL,Airlaid,Hybrid,BleachedPulp,OdorControl,SupplierA,0.265,256,9.12,2,Round,0.253,10675
XL,Nonwoven,SuperAbsorbent,RefinedPulp,Softener,SupplierC,0.308,261,11.97,2,Round,0.298,11660
S,Spunlace,Hybrid,SoftPulp,Softener,SupplierD,0.252,167,9.11,2,Round,0.301,10171
M,Nonwoven,Hybrid,RefinedPulp,Softener,SupplierD,0.336,200,6.64,2,Oval,0.315,10708
XL,Composite,HighFlux,BleachedPulp,NoAdditives,SupplierC,0.141,238,6.23,3,Round,0.202,8987
S,Nonwoven,SuperAbsorbent,BleachedPulp,OdorControl,SupplierD,0.136,211,10.31,3,Rectangular,0.328,9613
